19960620,9.58,9.58,9.58,9.58,0,0
19960621,9.58,9.58,9.58,9.58,0,0
19960624,9.6,9.6,9.6,9.6,0,0
19960625,9.63,9.63,9.63,9.63,0,0
19960626,9.64,9.64,9.64,9.64,0,0
19960627,9.7,9.7,9.7,9.7,0,0
19960628,9.8,9.8,9.8,9.8,55,0
19960701,9.8,9.8,9.8,9.8,0,0
19960702,9.76,9.76,9.76,9.76,0,0
eeeeeeeeeee19960703,9.78,9.78,9.78,9.78,0,0
19960705,9.52,9.52,9.52,9.52,0,0
19960708,9.53,9.53,9.53,9.53,0,0
19960709,9.56,9.56,9.56,9.56,0,0
19960710,9.61,9.61,9.61,9.61,0,0
19960711,9.64,9.64,9.64,9.64,0,0
19960712,9.69,9.69,9.69,9.69,0,0
19960715,9.64,9.64,9.64,9.64,0,0
19960716,9.69,zzzz,9.69,9.69,0,0
19960717,9.69,9.69,9.69,9.69,0,0
19960718,9.79,9.79,9.79,9.79,0,0
19960719,9.75,9.75,9.75,9.75,0,0
19960722,9.7,9.7,9.7,9.7,0,0
19960723,9.74,9.74,9.74,9.74,0,0
19960724,9.68,9.68,9.68,9.68,0,0
19960725,9.69,9.69,9.69,9.69,0,0
19960726,9.71,9.71,9.71,9.71,0,0
19960729,9.64,9.64,9.64,9.64,0,0
19960730,9.68,9.68,9.68,9.68,0,0
19960731,9.75,9.75,9.75,9.75,57,0
19960801,9.88,9.88,9.88,9.88,0,0
19960802,9.98,9.98,9.98,9.98,0,0
19960805,9.97,9.97,9.97,9.97,0,0
19960806,9.96,9.96,9.96,9.96,0,0
19960807,9.95,9.95,9.95,9.95,0,0
19960808,9.93,9.93,9.93,9.93,0,0
19960809,10,10,10,10,0,0
xyz,10,10,10,10,0,0
19960813,9.91,9.91,9.91,9.91,0,0
19960814,9.92,9.92,9.92,9.92,0,0
19960815,9.88,9.88,9.88,9.88,0,0
19960816,9.92,9.92,9.92,9.92,0,0
19960819,9.9,9.9,9.9,9.9,0,0
19960820,9.9,9.9,9.9,9.9,0,0
19960821,9.86,9.86,9.86,9.86,0,0
19960822,9.85,9.85,9.85,9.85,0,0
19960823,9.77,9.77,9.77,9.77,0,0
zzzzzzzzzz19960826,9.7,9.7,9.7,9.7,0,0
19960827,9.72,9.72,9.72,9.72,0,0
19960828,9.71,9.71,9.71,9.71,0,0
19960829,9.66,9.66,9.66,9.66,0,0
19960830,9.58,9.58,9.58,9.58,57,0
19960903,9.63,9.63,9.63,9.63,0,0
19960904,9.6,9.6,9.6,9.6,0,0
19960905,9.54,9.54,9.54,9.54,0,0
19960906,9.58,9.58,9.58,9.58,0,0
19960909,9.62,9.62,9.62,9.62,0,0
19960910,9.58,9.58,9.58,9.58,0,0
19960911,9.58,9.58,9.58,9.58,0,0
19960912,9.63,9.63,9.63,9.63,0,0
19960913,9.74,9.74,9.74,9.74,0,0
19960916,9.76,9.76,9.76,9.76,0,0
19960917,9.69,9.69,9.69,9.69,0,0
19960918,9.68,9.68,9.68,9.68,0,0
19960919,9.65,9.65,9.65,9.65,0,0
19960920,9.66,9.66,9.66,9.66,0,0
19960923,9.68,9.68,9.68,9.68,0,0
19960924,9.72,9.72,9.72,9.72,0,0
19960925,9.78,9.78,9.78,9.78,0,0
19960926,9.83,9.83,9.83,9.83,0,0
19960927,9.81,9.81,9.81,9.81,0,0
19960930,9.79,9.79,9.79,9.79,55,0
19961001,9.85,9.85,9.85,9.85,0,0
19961002,9.89,9.89,9.89,9.89,0,0
19961003,9.89,9.89,9.89,9.89,0,0
19961004,10,10,10,10,0,0
19961007,9.96,9.96,9.96,9.96,0,0
19961008,9.95,9.95,9.95,9.95,0,0
19961009,9.91,9.91,9.91,9.91,0,0
19961010,9.85,9.85,9.85,9.85,0,0
19961011,9.9,9.9,9.9,9.9,0,0
19961014,9.9,9.9,9.9,9.9,0,0
19961015,9.89,9.89,9.89,9.89,0,0
19961016,9.88,9.88,9.88,9.88,0,0
19961017,9.95,9.95,9.95,9.95,0,0
19961018,9.96,9.96,9.96,9.96,0,0
19961021,9.94,9.94,9.94,9.94,0,0
19961022,9.9,9.9,9.9,9.9,0,0
19961023,9.92,9.92,9.92,9.92,0,0
19961024,9.9,9.9,9.9,9.9,0,0
19961025,9.94,9.94,9.94,9.94,0,0
19961028,9.92,9.92,9.92,9.92,0,0
19961029,10.07,10.07,10.07,10.07,0,0
19961030,10.07,10.07,10.07,10.07,0,0
19961031,10.11,10.11,10.11,10.11,57,0
19961101,10.09,10.09,10.09,10.09,0,0
19961104,10.11,10.11,10.11,10.11,0,0
19961105,10.18,10.18,10.18,10.18,0,0
19961106,10.16,10.16,10.16,10.16,0,0
19961107,10.23,10.23,10.23,10.23,0,0
19961108,10.2,10.2,10.2,10.2,0,0
19961111,10.2,10.2,10.2,10.2,0,0
19961112,10.27,10.27,10.27,10.27,0,0
19961113,10.26,10.26,10.26,10.26,0,0
19961114,10.31,10.31,10.31,10.31,0,0
19961115,10.28,10.28,10.28,10.28,0,0
19961118,10.27,10.27,10.27,10.27,0,0
19961119,10.3,10.3,10.3,10.3,0,0
19961120,10.33,10.33,10.33,10.33,0,0
19961121,10.32,10.32,10.32,10.32,0,0
19961122,10.3,10.3,10.3,10.3,0,0
19961125,10.32,10.32,10.32,10.32,0,0
19961126,10.31,10.31,10.31,10.31,0,0
19961127,10.3,10.3,10.3,10.3,0,0
19961129,10.38,10.38,10.38,10.38,55,0
19961202,10.37,10.37,10.37,10.37,0,0
19961203,10.39,10.39,10.39,10.39,0,0
19961204,10.33,10.33,10.33,10.33,0,0
19961205,10.23,10.23,10.23,10.23,0,0
19961206,10.2,10.2,10.2,10.2,0,0
19961209,10.25,10.25,10.25,10.25,0,0
19961210,10.24,10.24,10.24,10.24,0,0
19961211,10.11,10.11,10.11,10.11,0,0
19961212,10.08,10.08,10.08,10.08,0,0
19961213,10.15,10.15,10.15,10.15,0,0
19961216,10.09,10.09,10.09,10.09,0,0
19961217,10.06,10.06,10.06,10.06,0,0
19961218,10.03,10.03,10.03,10.03,0,0
19961219,10.13,10.13,10.13,10.13,0,0
19961220,10.14,10.14,10.14,10.14,0,0
19961223,10.15,10.15,10.15,10.15,0,0
19961224,10.14,10.14,10.14,10.14,0,0
19961226,10.14,10.14,10.14,10.14,0,0
19961227,10.19,10.19,10.19,10.19,0,0
19961230,10.19,10.19,10.19,10.19,0,0
19961231,10.08,10.08,10.08,10.08,57,0
19970102,9.97,9.97,9.97,9.97,0,0
19970103,9.99,9.99,9.99,9.99,0,0
19970106,9.96,9.96,9.96,9.96,0,0
19970107,9.93,9.93,9.93,9.93,0,0
19970108,9.9,9.9,9.9,9.9,0,0
19970109,9.97,9.97,9.97,9.97,0,0
19970110,9.88,9.88,9.88,9.88,0,0
19970113,9.88,9.88,9.88,9.88,0,0
19970114,9.97,9.97,9.97,9.97,0,0
19970115,9.96,9.96,9.96,9.96,0,0
19970116,9.92,9.92,9.92,9.92,0,0
19970117,9.92,9.92,9.92,9.92,0,0
19970120,9.92,9.92,9.92,9.92,0,0
19970121,9.97,9.97,9.97,9.97,0,0
19970122,9.93,9.93,9.93,9.93,0,0
19970123,9.91,9.91,9.91,9.91,0,0
19970124,9.87,9.87,9.87,9.87,0,0
19970127,9.82,9.82,9.82,9.82,0,0
19970128,9.85,9.85,9.85,9.85,0,0
19970129,9.86,9.86,9.86,9.86,0,0
19970130,9.88,9.88,9.88,9.88,0,0
19970131,9.97,9.97,9.97,9.97,57,0
19970203,10.02,10.02,10.02,10.02,0,0
19970204,10.04,10.04,10.04,10.04,0,0
19970205,10.01,10.01,10.01,10.01,0,0
19970206,10.01,10.01,10.01,10.01,0,0
19970207,10.06,10.06,10.06,10.06,0,0
19970210,10.06,10.06,10.06,10.06,0,0
19970211,10.06,10.06,10.06,10.06,0,0
19970212,10.05,10.05,10.05,10.05,0,0
19970213,10.13,10.13,10.13,10.13,0,0
19970214,10.18,10.18,10.18,10.18,0,0
19970218,10.17,10.17,10.17,10.17,0,0
19970219,10.15,10.15,10.15,10.15,0,0
19970220,10.09,10.09,10.09,10.09,0,0
19970221,10.09,10.09,10.09,10.09,0,0
19970224,10.06,10.06,10.06,10.06,0,0
19970225,10.07,10.07,10.07,10.07,0,0
19970226,9.92,9.92,9.92,9.92,0,0
19970227,9.91,9.91,9.91,9.91,0,0
19970228,9.91,9.91,9.91,9.91,52,0
19970303,9.89,9.89,9.89,9.89,0,0
19970304,9.86,9.86,9.86,9.86,0,0
19970305,9.88,9.88,9.88,9.88,0,0
19970306,9.84,9.84,9.84,9.84,0,0
19970307,9.9,9.9,9.9,9.9,0,0
19970310,9.9,9.9,9.9,9.9,0,0
19970311,9.88,9.88,9.88,9.88,0,0
19970312,9.85,9.85,9.85,9.85,0,0
19970313,9.75,9.75,9.75,9.75,0,0
19970314,9.77,9.77,9.77,9.77,0,0
19970317,9.76,9.76,9.76,9.76,0,0
19970318,9.76,9.76,9.76,9.76,0,0
19970319,9.74,9.74,9.74,9.74,0,0
19970320,9.75,9.75,9.75,9.75,0,0
19970321,9.76,9.76,9.76,9.76,0,0
19970324,9.79,9.79,9.79,9.79,0,0
19970325,9.77,9.77,9.77,9.77,0,0
19970326,9.73,9.73,9.73,9.73,0,0
19970327,9.63,9.63,9.63,9.63,0,0
19970331,9.63,9.63,9.63,9.63,58,0
19970401,9.64,9.64,9.64,9.64,0,0
19970402,9.65,9.65,9.65,9.65,0,0
19970403,9.65,9.65,9.65,9.65,0,0
19970404,9.59,9.59,9.59,9.59,0,0
19970407,9.65,9.65,9.65,9.65,0,0
19970408,9.63,9.63,9.63,9.63,0,0
19970409,9.62,9.62,9.62,9.62,0,0
19970410,9.62,9.62,9.62,9.62,0,0
19970411,9.56,9.56,9.56,9.56,0,0
19970414,9.56,9.56,9.56,9.56,0,0
19970415,9.65,9.65,9.65,9.65,0,0
19970416,9.63,9.63,9.63,9.63,0,0
19970417,9.67,9.67,9.67,9.67,0,0
19970418,9.68,9.68,9.68,9.68,0,0
19970421,9.65,9.65,9.65,9.65,0,0
19970422,9.69,9.69,9.69,9.69,0,0
19970423,9.65,9.65,9.65,9.65,0,0
19970424,9.61,9.61,9.61,9.61,0,0
19970425,9.6,9.6,9.6,9.6,0,0
19970428,9.62,9.62,9.62,9.62,0,0
19970429,9.75,9.75,9.75,9.75,0,0
19970430,9.79,9.79,9.79,9.79,56,0
19970501,9.81,9.81,9.81,9.81,0,0
19970502,9.85,9.85,9.85,9.85,0,0
19970505,9.84,9.84,9.84,9.84,0,0
19970506,9.85,9.85,9.85,9.85,0,0
19970507,9.78,9.78,9.78,9.78,0,0
19970508,9.81,9.81,9.81,9.81,0,0
19970509,9.85,9.85,9.85,9.85,0,0
19970512,9.87,9.87,9.87,9.87,0,0
19970513,9.82,9.82,9.82,9.82,0,0
19970514,9.85,9.85,9.85,9.85,0,0
19970515,9.86,9.86,9.86,9.86,0,0
19970516,9.83,9.83,9.83,9.83,0,0
19970519,9.82,9.82,9.82,9.82,0,0
19970520,9.82,9.82,9.82,9.82,0,0
19970521,9.78,9.78,9.78,9.78,0,0
19970522,9.75,9.75,9.75,9.75,0,0
19970523,9.76,9.76,9.76,9.76,0,0
19970527,9.72,9.72,9.72,9.72,0,0
19970528,9.72,9.72,9.72,9.72,0,0
19970529,9.77,9.77,9.77,9.77,0,0
19970530,9.83,9.83,9.83,9.83,58,0
19970602,9.85,9.85,9.85,9.85,0,0
19970603,9.88,9.88,9.88,9.88,0,0
19970604,9.87,9.87,9.87,9.87,0,0
19970605,9.87,9.87,9.87,9.87,0,0
19970606,9.97,9.97,9.97,9.97,0,0
19970609,9.93,9.93,9.93,9.93,0,0
19970610,9.92,9.92,9.92,9.92,0,0
19970611,9.93,9.93,9.93,9.93,0,0
19970612,9.99,9.99,9.99,9.99,0,0
19970613,10.03,10.03,10.03,10.03,0,0
19970616,10.06,10.06,10.06,10.06,0,0
19970617,10.04,10.04,10.04,10.04,0,0
19970618,10.06,10.06,10.06,10.06,0,0
19970619,10.07,10.07,10.07,10.07,0,0
19970620,10.1,10.1,10.1,10.1,0,0
19970623,10.06,10.06,10.06,10.06,0,0
19970624,10.06,10.06,10.06,10.06,0,0
19970625,10.02,10.02,10.02,10.02,0,0
19970626,9.97,9.97,9.97,9.97,0,0
19970627,10.01,10.01,10.01,10.01,0,0
19970630,9.97,9.97,9.97,9.97,56,0
19970701,10.03,10.03,10.03,10.03,0,0
19970702,10.06,10.06,10.06,10.06,0,0
19970703,10.16,10.16,10.16,10.16,0,0
19970707,10.2,10.2,10.2,10.2,0,0
19970708,10.2,10.2,10.2,10.2,0,0
19970709,10.23,10.23,10.23,10.23,0,0
19970710,10.22,10.22,10.22,10.22,0,0
19970711,10.25,10.25,10.25,10.25,0,0
19970714,10.23,10.23,10.23,10.23,0,0
19970715,10.23,10.23,10.23,10.23,0,0
19970716,10.3,10.3,10.3,10.3,0,0
19970717,10.3,10.3,10.3,10.3,0,0
19970718,10.25,10.25,10.25,10.25,0,0
19970721,10.23,10.23,10.23,10.23,0,0
19970722,10.35,10.35,10.35,10.35,0,0
19970723,10.36,10.36,10.36,10.36,0,0
19970724,10.35,10.35,10.35,10.35,0,0
19970725,10.33,10.33,10.33,10.33,0,0
19970728,10.36,10.36,10.36,10.36,0,0
19970729,10.4,10.4,10.4,10.4,0,0
19970730,10.46,10.46,10.46,10.46,0,0
19970731,10.49,10.49,10.49,10.49,58,0
19970801,10.3,10.3,10.3,10.3,0,0
19970804,10.29,10.29,10.29,10.29,0,0
19970805,10.28,10.28,10.28,10.28,0,0
19970806,10.3,10.3,10.3,10.3,0,0
19970807,10.27,10.27,10.27,10.27,0,0
19970808,10.11,10.11,10.11,10.11,0,0
19970811,10.12,10.12,10.12,10.12,0,0
19970812,10.09,10.09,10.09,10.09,0,0
19970813,10.12,10.12,10.12,10.12,0,0
19970814,10.19,10.19,10.19,10.19,0,0
19970815,10.19,10.19,10.19,10.19,0,0
19970818,10.23,10.23,10.23,10.23,0,0
19970819,10.24,10.24,10.24,10.24,0,0
19970820,10.21,10.21,10.21,10.21,0,0
19970821,10.15,10.15,10.15,10.15,0,0
19970822,10.08,10.08,10.08,10.08,0,0
19970825,10.07,10.07,10.07,10.07,0,0
19970826,10.08,10.08,10.08,10.08,0,0
19970827,10.09,10.09,10.09,10.09,0,0
19970828,10.18,10.18,10.18,10.18,0,0
19970829,10.13,10.13,10.13,10.13,58,0
19970902,10.18,10.18,10.18,10.18,0,0
19970903,10.16,10.16,10.16,10.16,0,0
19970904,10.15,10.15,10.15,10.15,0,0
19970905,10.11,10.11,10.11,10.11,0,0
19970908,10.14,10.14,10.14,10.14,0,0
19970909,10.13,10.13,10.13,10.13,0,0
19970910,10.1,10.1,10.1,10.1,0,0
19970911,10.08,10.08,10.08,10.08,0,0
19970912,10.17,10.17,10.17,10.17,0,0
19970915,10.18,10.18,10.18,10.18,0,0
19970916,10.36,10.36,10.36,10.36,0,0
19970917,10.38,10.38,10.38,10.38,0,0
19970918,10.37,10.37,10.37,10.37,0,0
19970919,10.39,10.39,10.39,10.39,0,0
19970922,10.42,10.42,10.42,10.42,0,0
19970923,10.38,10.38,10.38,10.38,0,0
19970924,10.45,10.45,10.45,10.45,0,0
19970925,10.37,10.37,10.37,10.37,0,0
19970926,10.41,10.41,10.41,10.41,0,0
19970929,10.38,10.38,10.38,10.38,0,0
19970930,10.36,10.36,10.36,10.36,56,0
19971001,10.44,10.44,10.44,10.44,0,0
19971002,10.47,10.47,10.47,10.47,0,0
19971003,10.47,10.47,10.47,10.47,0,0
19971006,10.51,10.51,10.51,10.51,0,0
19971007,10.54,10.54,10.54,10.54,0,0
19971008,10.4,10.4,10.4,10.4,0,0
19971009,10.39,10.39,10.39,10.39,0,0
19971010,10.33,10.33,10.33,10.33,0,0
19971013,10.33,10.33,10.33,10.33,0,0
19971014,10.41,10.41,10.41,10.41,0,0
19971015,10.37,10.37,10.37,10.37,0,0
19971016,10.37,10.37,10.37,10.37,0,0
19971017,10.31,10.31,10.31,10.31,0,0
19971020,10.33,10.33,10.33,10.33,0,0
19971021,10.33,10.33,10.33,10.33,0,0
19971022,10.34,10.34,10.34,10.34,0,0
19971023,10.44,10.44,10.44,10.44,0,0
19971024,10.47,10.47,10.47,10.47,0,0
19971027,10.57,10.57,10.57,10.57,0,0
19971028,10.46,10.46,10.46,10.46,0,0
19971029,10.52,10.52,10.52,10.52,0,0
19971030,10.59,10.59,10.59,10.59,0,0
19971031,10.6,10.6,10.6,10.6,57,0
19971103,10.53,10.53,10.53,10.53,0,0
19971104,10.48,10.48,10.48,10.48,0,0
19971105,10.49,10.49,10.49,10.49,0,0
19971106,10.55,10.55,10.55,10.55,0,0
19971107,10.56,10.56,10.56,10.56,0,0
19971110,10.55,10.55,10.55,10.55,0,0
19971111,10.55,10.55,10.55,10.55,0,0
19971112,10.57,10.57,10.57,10.57,0,0
19971113,10.59,10.59,10.59,10.59,0,0
19971114,10.6,10.6,10.6,10.6,0,0
19971117,10.62,10.62,10.62,10.62,0,0
19971118,10.62,10.62,10.62,10.62,0,0
19971119,10.66,10.66,10.66,10.66,0,0
19971120,10.65,10.65,10.65,10.65,0,0
19971121,10.67,10.67,10.67,10.67,0,0
19971124,10.61,10.61,10.61,10.61,0,0
19971125,10.63,10.63,10.63,10.63,0,0
19971126,10.64,10.64,10.64,10.64,0,0
19971128,10.65,10.65,10.65,10.65,55,0
19971201,10.66,10.66,10.66,10.66,0,0
19971202,10.67,10.67,10.67,10.67,0,0
19971203,10.69,10.69,10.69,10.69,0,0
19971204,10.68,10.68,10.68,10.68,0,0
19971205,10.62,10.62,10.62,10.62,0,0
19971208,10.57,10.57,10.57,10.57,0,0
19971209,10.57,10.57,10.57,10.57,0,0
19971210,10.61,10.61,10.61,10.61,0,0
19971211,10.7,10.7,10.7,10.7,0,0
19971212,10.77,10.77,10.77,10.77,0,0
19971215,10.73,10.73,10.73,10.73,0,0
19971216,10.75,10.75,10.75,10.75,0,0
19971217,10.71,10.71,10.71,10.71,0,0
19971218,10.76,10.76,10.76,10.76,0,0
19971219,10.81,10.81,10.81,10.81,0,0
19971222,10.82,10.82,10.82,10.82,0,0
19971223,10.81,10.81,10.81,10.81,0,0
19971224,10.81,10.81,10.81,10.81,0,0
19971226,10.8,10.8,10.8,10.8,0,0
19971229,10.79,10.79,10.79,10.79,0,0
19971230,10.73,10.73,10.73,10.73,0,0
19971231,10.78,10.78,10.78,10.78,57,0
19980102,10.87,10.87,10.87,10.87,0,0
19980105,11.03,11.03,11.03,11.03,0,0
19980106,11.03,11.03,11.03,11.03,0,0
19980107,10.94,10.94,10.94,10.94,0,0
19980108,10.98,10.98,10.98,10.98,0,0
19980109,11.04,11.04,11.04,11.04,0,0
19980112,11.06,11.06,11.06,11.06,0,0
19980113,11.03,11.03,11.03,11.03,0,0
19980114,11,11,11,11,0,0
19980115,10.99,10.99,10.99,10.99,0,0
19980116,10.92,10.92,10.92,10.92,0,0
19980120,10.89,10.89,10.89,10.89,0,0
19980121,10.91,10.91,10.91,10.91,0,0
19980122,10.87,10.87,10.87,10.87,0,0
19980123,10.71,10.71,10.71,10.71,0,0
19980126,10.8,10.8,10.8,10.8,0,0
19980127,10.74,10.74,10.74,10.74,0,0
19980128,10.74,10.74,10.74,10.74,0,0
19980129,10.86,10.86,10.86,10.86,0,0
19980130,10.9,10.9,10.9,10.9,57,0
19980202,10.84,10.84,10.84,10.84,0,0
19980203,10.84,10.84,10.84,10.84,0,0
19980204,10.84,10.84,10.84,10.84,0,0
19980205,10.77,10.77,10.77,10.77,0,0
19980206,10.77,10.77,10.77,10.77,0,0
19980209,10.74,10.74,10.74,10.74,0,0
19980210,10.76,10.76,10.76,10.76,0,0
19980211,10.84,10.84,10.84,10.84,0,0
19980212,10.84,10.84,10.84,10.84,0,0
19980213,10.88,10.88,10.88,10.88,0,0
19980217,10.93,10.93,10.93,10.93,0,0
19980218,10.89,10.89,10.89,10.89,0,0
19980219,10.87,10.87,10.87,10.87,0,0
19980220,10.85,10.85,10.85,10.85,0,0
19980223,10.81,10.81,10.81,10.81,0,0
19980224,10.72,10.72,10.72,10.72,0,0
19980225,10.79,10.79,10.79,10.79,0,0
19980226,10.76,10.76,10.76,10.76,0,0
19980227,10.79,10.79,10.79,10.79,51,0
19980302,10.68,10.68,10.68,10.68,0,0
19980303,10.63,10.63,10.63,10.63,0,0
19980304,10.65,10.65,10.65,10.65,0,0
19980305,10.63,10.63,10.63,10.63,0,0
19980306,10.68,10.68,10.68,10.68,0,0
19980309,10.74,10.74,10.74,10.74,0,0
19980310,10.75,10.75,10.75,10.75,0,0
19980311,10.78,10.78,10.78,10.78,0,0
19980312,10.86,10.86,10.86,10.86,0,0
19980313,10.84,10.84,10.84,10.84,0,0
19980316,10.88,10.88,10.88,10.88,0,0
19980317,10.85,10.85,10.85,10.85,0,0
19980318,10.83,10.83,10.83,10.83,0,0
19980319,10.82,10.82,10.82,10.82,0,0
19980320,10.84,10.84,10.84,10.84,0,0
19980323,10.84,10.84,10.84,10.84,0,0
19980324,10.84,10.84,10.84,10.84,0,0
19980325,10.78,10.78,10.78,10.78,0,0
19980326,10.75,10.75,10.75,10.75,0,0
19980327,10.74,10.74,10.74,10.74,0,0
19980330,10.71,10.71,10.71,10.71,0,0
19980331,10.75,10.75,10.75,10.75,57,9
19980401,10.8,10.8,10.8,10.8,0,0
19980402,10.86,10.86,10.86,10.86,0,0
19980403,10.95,10.95,10.95,10.95,0,0
19980406,10.9,10.9,10.9,10.9,0,0
19980407,10.88,10.88,10.88,10.88,0,0
19980408,10.82,10.82,10.82,10.82,0,0
19980409,10.83,10.83,10.83,10.83,0,0
19980413,10.76,10.76,10.76,10.76,0,0
19980414,10.8,10.8,10.8,10.8,0,0
19980415,10.82,10.82,10.82,10.82,0,0
19980416,10.84,10.84,10.84,10.84,0,0
19980417,10.84,10.84,10.84,10.84,0,0
19980420,10.79,10.79,10.79,10.79,0,0
19980421,10.75,10.75,10.75,10.75,0,0
19980422,10.74,10.74,10.74,10.74,0,0
19980423,10.73,10.73,10.73,10.73,0,0
19980424,10.76,10.76,10.76,10.76,0,0
19980427,10.62,10.62,10.62,10.62,0,0
19980428,10.62,10.62,10.62,10.62,0,0
19980429,10.61,10.61,10.61,10.61,0,0
19980430,10.75,10.75,10.75,10.75,55,0
19980501,10.76,10.76,10.76,10.76,0,0
19980504,10.76,10.76,10.76,10.76,0,0
19980505,10.73,10.73,10.73,10.73,0,0
19980506,10.76,10.76,10.76,10.76,0,0
19980507,10.76,10.76,10.76,10.76,0,0
19980508,10.72,10.72,10.72,10.72,0,0
19980511,10.64,10.64,10.64,10.64,0,0
19980512,10.73,10.73,10.73,10.73,0,0
19980513,10.75,10.75,10.75,10.75,0,0
19980514,10.73,10.73,10.73,10.73,0,0
19980515,10.72,10.72,10.72,10.72,0,0
19980518,10.78,10.78,10.78,10.78,0,0
19980519,10.77,10.77,10.77,10.77,0,0
19980520,10.81,10.81,10.81,10.81,0,0
19980521,10.77,10.77,10.77,10.77,0,0
19980522,10.79,10.79,10.79,10.79,0,0
19980526,10.85,10.85,10.85,10.85,0,0
19980527,10.87,10.87,10.87,10.87,0,0
19980528,10.87,10.87,10.87,10.87,0,0
19980529,10.89,10.89,10.89,10.89,57,0
19980601,10.93,10.93,10.93,10.93,0,0
19980602,10.9,10.9,10.9,10.9,0,0
19980603,10.9,10.9,10.9,10.9,0,0
19980604,10.88,10.88,10.88,10.88,0,0
19980605,10.9,10.9,10.9,10.9,0,0
19980608,10.9,10.9,10.9,10.9,0,0
19980609,10.9,10.9,10.9,10.9,0,0
19980610,11,11,11,11,0,0
19980611,11.06,11.06,11.06,11.06,0,0
19980612,11.06,11.06,11.06,11.06,0,0
19980615,11.11,11.11,11.11,11.11,0,0
19980616,11.04,11.04,11.04,11.04,0,0
19980617,10.93,10.93,10.93,10.93,0,0
19980618,10.98,10.98,10.98,10.98,0,0
19980619,11,11,11,11,0,0
19980622,11.02,11.02,11.02,11.02,0,0
19980623,11.04,11.04,11.04,11.04,0,0
19980624,11.02,11.02,11.02,11.02,0,0
19980625,11.03,11.03,11.03,11.03,0,0
19980626,11.05,11.05,11.05,11.05,0,0
19980629,11.03,11.03,11.03,11.03,0,0
19980630,11.06,11.06,11.06,11.06,55,0
19980701,11.05,11.05,11.05,11.05,0,0
19980702,11.09,11.09,11.09,11.09,0,0
19980706,11.11,11.11,11.11,11.11,0,0
19980707,11.08,11.08,11.08,11.08,0,0
19980708,11.05,11.05,11.05,11.05,0,0
19980709,11.08,11.08,11.08,11.08,0,0
19980710,11.06,11.06,11.06,11.06,0,0
19980713,10.99,10.99,10.99,10.99,0,0
19980714,10.95,10.95,10.95,10.95,0,0
19980715,10.96,10.96,10.96,10.96,0,0
19980716,10.93,10.93,10.93,10.93,0,0
19980717,10.91,10.91,10.91,10.91,0,0
19980720,10.95,10.95,10.95,10.95,0,0
19980721,11,11,11,11,0,0
19980722,10.98,10.98,10.98,10.98,0,0
19980723,11.01,11.01,11.01,11.01,0,0
19980724,10.99,10.99,10.99,10.99,0,0
19980727,10.96,10.96,10.96,10.96,0,0
19980728,10.92,10.92,10.92,10.92,0,0
19980729,10.89,10.89,10.89,10.89,0,0
19980730,10.94,10.94,10.94,10.94,0,0
19980731,10.94,10.94,10.94,10.94,57,0
19980803,11.01,11.01,11.01,11.01,0,0
19980804,11.03,11.03,11.03,11.03,0,0
19980805,11.02,11.02,11.02,11.02,0,0
19980806,10.99,10.99,10.99,10.99,0,0
19980807,11.04,11.04,11.04,11.04,0,0
19980810,11.05,11.05,11.05,11.05,0,0
19980811,11.08,11.08,11.08,11.08,0,0
19980812,11.06,11.06,11.06,11.06,0,0
19980813,11.01,11.01,11.01,11.01,0,0
19980814,11.08,11.08,11.08,11.08,0,0
19980817,11.06,11.06,11.06,11.06,0,0
19980818,11.04,11.04,11.04,11.04,0,0
19980819,11.03,11.03,11.03,11.03,0,0
19980820,11.07,11.07,11.07,11.07,0,0
19980821,11.12,11.12,11.12,11.12,0,0
19980824,11.1,11.1,11.1,11.1,0,0
19980825,11.15,11.15,11.15,11.15,0,0
19980826,11.14,11.14,11.14,11.14,0,0
19980827,11.18,11.18,11.18,11.18,0,0
19980828,11.18,11.18,11.18,11.18,0,0
19980831,11.28,11.28,11.28,11.28,57,0
19980901,11.2,11.2,11.2,11.2,0,0
19980902,11.18,11.18,11.18,11.18,0,0
19980903,11.23,11.23,11.23,11.23,0,0
19980904,11.26,11.26,11.26,11.26,0,0
19980908,11.18,11.18,11.18,11.18,0,0
19980909,11.27,11.27,11.27,11.27,0,0
19980910,11.4,11.4,11.4,11.4,0,0
19980911,11.34,11.34,11.34,11.34,0,0
19980914,11.3,11.3,11.3,11.3,0,0
19980915,11.27,11.27,11.27,11.27,0,0
19980916,11.32,11.32,11.32,11.32,0,0
19980917,11.35,11.35,11.35,11.35,0,0
19980918,11.38,11.38,11.38,11.38,0,0
19980921,11.39,11.39,11.39,11.39,0,0
19980922,11.34,11.34,11.34,11.34,0,0
19980923,11.39,11.39,11.39,11.39,0,0
19980924,11.41,11.41,11.41,11.41,0,0
19980925,11.42,11.42,11.42,11.42,0,0
19980928,11.37,11.37,11.37,11.37,0,0
19980929,11.43,11.43,11.43,11.43,0,0
19980930,11.56,11.56,11.56,11.56,55,0
19981001,11.67,11.67,11.67,11.67,0,0
19981002,11.71,11.71,11.71,11.71,0,0
19981005,11.86,11.86,11.86,11.86,0,0
19981006,11.79,11.79,11.79,11.79,0,0
19981007,11.65,11.65,11.65,11.65,0,0
19981008,11.38,11.38,11.38,11.38,0,0
19981009,11.18,11.18,11.18,11.18,0,0
19981012,11.18,11.18,11.18,11.18,0,0
19981013,11.18,11.18,11.18,11.18,0,0
19981014,11.33,11.33,11.33,11.33,0,0
19981015,11.39,11.39,11.39,11.39,0,0
19981016,11.41,11.41,11.41,11.41,0,0
19981019,11.38,11.38,11.38,11.38,0,0
19981020,11.29,11.29,11.29,11.29,0,0
19981021,11.27,11.27,11.27,11.27,0,0
19981022,11.21,11.21,11.21,11.21,0,0
19981023,11.18,11.18,11.18,11.18,0,0
19981026,11.26,11.26,11.26,11.26,0,0
19981027,11.35,11.35,11.35,11.35,0,0
19981028,11.33,11.33,11.33,11.33,0,0
19981029,11.36,11.36,11.36,11.36,0,0
19981030,11.27,11.27,11.27,11.27,56,0
19981102,11.16,11.16,11.16,11.16,0,0
19981103,11.17,11.17,11.17,11.17,0,0
19981104,11.07,11.07,11.07,11.07,0,0
19981105,11.08,11.08,11.08,11.08,0,0
19981106,11.01,11.01,11.01,11.01,0,0
19981109,11.15,11.15,11.15,11.15,0,0
19981110,11.17,11.17,11.17,11.17,0,0
19981111,11.17,11.17,11.17,11.17,0,0
19981112,11.2,11.2,11.2,11.2,0,0
19981113,11.2,11.2,11.2,11.2,0,0
19981116,11.18,11.18,11.18,11.18,0,0
19981117,11.16,11.16,11.16,11.16,0,0
19981118,11.22,11.22,11.22,11.22,0,0
19981119,11.21,11.21,11.21,11.21,0,0
19981120,11.24,11.24,11.24,11.24,0,0
19981123,11.18,11.18,11.18,11.18,0,0
19981124,11.23,11.23,11.23,11.23,0,0
19981125,11.27,11.27,11.27,11.27,0,0
19981127,11.31,11.31,11.31,11.31,0,0
19981130,11.41,11.41,11.41,11.41,54,0
19981201,11.43,11.43,11.43,11.43,0,0
19981202,11.46,11.46,11.46,11.46,0,0
19981203,11.46,11.46,11.46,11.46,0,0
19981204,11.4,11.4,11.4,11.4,0,0
19981207,11.39,11.39,11.39,11.39,0,0
19981208,11.46,11.46,11.46,11.46,0,0
19981209,11.51,11.51,11.51,11.51,0,0
19981210,11.51,11.51,11.51,11.51,0,0
19981211,11.42,11.42,11.42,11.42,0,0
19981214,11.45,11.45,11.45,11.45,0,0
19981215,11.39,11.39,11.39,11.39,0,0
19981216,11.43,11.43,11.43,11.43,0,0
19981217,11.44,11.44,11.44,11.44,0,0
19981218,11.45,11.45,11.45,11.45,0,0
19981221,11.38,11.38,11.38,11.38,0,0
19981222,11.3,11.3,11.3,11.3,0,0
19981223,11.21,11.21,11.21,11.21,0,0
19981224,11.18,11.18,11.18,11.18,0,0
19981228,11.26,11.26,11.26,11.26,0,0
19981229,11.31,11.31,11.31,11.31,0,0
19981230,11.36,11.36,11.36,11.36,0,0
19981231,11.32,11.32,11.32,11.32,56,39
19990104,11.28,11.28,11.28,11.28,0,0
19990105,11.22,11.22,11.22,11.22,0,0
19990106,11.28,11.28,11.28,11.28,0,0
19990107,11.22,11.22,11.22,11.22,0,0
19990108,11.13,11.13,11.13,11.13,0,0
19990111,11.09,11.09,11.09,11.09,0,0
19990112,11.17,11.17,11.17,11.17,0,0
19990113,11.24,11.24,11.24,11.24,0,0
19990114,11.37,11.37,11.37,11.37,0,0
19990115,11.3,11.3,11.3,11.3,0,0
19990119,11.28,11.28,11.28,11.28,0,0
19990120,11.25,11.25,11.25,11.25,0,0
19990121,11.3,11.3,11.3,11.3,0,0
19990122,11.38,11.38,11.38,11.38,0,0
19990125,11.34,11.34,11.34,11.34,0,0
19990126,11.34,11.34,11.34,11.34,0,0
19990127,11.34,11.34,11.34,11.34,0,0
19990128,11.37,11.37,11.37,11.37,0,0
19990129,11.4,11.4,11.4,11.4,56,0
19990201,11.29,11.29,11.29,11.29,0,0
19990202,11.22,11.22,11.22,11.22,0,0
19990203,11.2,11.2,11.2,11.2,0,0
19990204,11.13,11.13,11.13,11.13,0,0
19990205,11.09,11.09,11.09,11.09,0,0
19990208,11.1,11.1,11.1,11.1,0,0
19990209,11.14,11.14,11.14,11.14,0,0
19990210,11.12,11.12,11.12,11.12,0,0
19990211,11.13,11.13,11.13,11.13,0,0
19990212,10.96,10.96,10.96,10.96,0,0
19990216,11.03,11.03,11.03,11.03,0,0
19990217,11.08,11.08,11.08,11.08,0,0
19990218,11.04,11.04,11.04,11.04,0,0
19990219,11.02,11.02,11.02,11.02,0,0
19990222,11.06,11.06,11.06,11.06,0,0
19990223,10.99,10.99,10.99,10.99,0,0
19990224,10.89,10.89,10.89,10.89,0,0
19990225,10.79,10.79,10.79,10.79,0,0
19990226,10.85,10.85,10.85,10.85,51,0
19990301,10.74,10.74,10.74,10.74,0,0
19990302,10.79,10.79,10.79,10.79,0,0
19990303,10.73,10.73,10.73,10.73,0,0
19990304,10.7,10.7,10.7,10.7,0,0
19990305,10.77,10.77,10.77,10.77,0,0
19990308,10.79,10.79,10.79,10.79,0,0
19990309,10.87,10.87,10.87,10.87,0,0
19990310,10.84,10.84,10.84,10.84,0,0
19990311,10.84,10.84,10.84,10.84,0,0
19990312,10.88,10.88,10.88,10.88,0,0
19990315,10.93,10.93,10.93,10.93,0,0
19990316,10.97,10.97,10.97,10.97,0,0
19990317,10.93,10.93,10.93,10.93,0,0
19990318,10.94,10.94,10.94,10.94,0,0
19990319,10.88,10.88,10.88,10.88,0,0
19990322,10.84,10.84,10.84,10.84,0,0
19990323,10.85,10.85,10.85,10.85,0,0
19990324,10.88,10.88,10.88,10.88,0,0
19990325,10.82,10.82,10.82,10.82,0,0
19990326,10.81,10.81,10.81,10.81,0,0
19990329,10.75,10.75,10.75,10.75,0,0
19990330,10.83,10.83,10.83,10.83,0,0
19990331,10.76,10.76,10.76,10.76,57,19
19990401,10.71,10.71,10.71,10.71,0,0
19990405,10.8,10.8,10.8,10.8,0,0
19990406,10.88,10.88,10.88,10.88,0,0
19990407,10.9,10.9,10.9,10.9,0,0
19990408,10.99,10.99,10.99,10.99,0,0
19990409,10.97,10.97,10.97,10.97,0,0
19990412,10.98,10.98,10.98,10.98,0,0
19990413,10.91,10.91,10.91,10.91,0,0
19990414,10.91,10.91,10.91,10.91,0,0
19990415,10.89,10.89,10.89,10.89,0,0
19990416,10.84,10.84,10.84,10.84,0,0
19990419,10.87,10.87,10.87,10.87,0,0
19990420,10.9,10.9,10.9,10.9,0,0
19990421,10.9,10.9,10.9,10.9,0,0
19990422,10.79,10.79,10.79,10.79,0,0
19990423,10.8,10.8,10.8,10.8,0,0
19990426,10.83,10.83,10.83,10.83,0,0
19990427,10.86,10.86,10.86,10.86,0,0
19990428,10.82,10.82,10.82,10.82,0,0
19990429,10.89,10.89,10.89,10.89,0,0
19990430,10.72,10.72,10.72,10.72,54,0
19990503,10.73,10.73,10.73,10.73,0,0
19990504,10.67,10.67,10.67,10.67,0,0
19990505,10.69,10.69,10.69,10.69,0,0
19990506,10.58,10.58,10.58,10.58,0,0
19990507,10.56,10.56,10.56,10.56,0,0
19990510,10.59,10.59,10.59,10.59,0,0
19990511,10.53,10.53,10.53,10.53,0,0
19990512,10.56,10.56,10.56,10.56,0,0
19990513,10.66,10.66,10.66,10.66,0,0
19990514,10.48,10.48,10.48,10.48,0,0
19990517,10.48,10.48,10.48,10.48,0,0
19990518,10.48,10.48,10.48,10.48,0,0
19990519,10.54,10.54,10.54,10.54,0,0
19990520,10.51,10.51,10.51,10.51,0,0
19990521,10.55,10.55,10.55,10.55,0,0
19990524,10.56,10.56,10.56,10.56,0,0
19990525,10.56,10.56,10.56,10.56,0,0
19990526,10.52,10.52,10.52,10.52,0,0
19990527,10.48,10.48,10.48,10.48,0,0
19990528,10.48,10.48,10.48,10.48,56,0
19990601,10.36,10.36,10.36,10.36,0,0
19990602,10.36,10.36,10.36,10.36,0,0
19990603,10.35,10.35,10.35,10.35,0,0
19990604,10.34,10.34,10.34,10.34,0,0
19990607,10.34,10.34,10.34,10.34,0,0
19990608,10.3,10.3,10.3,10.3,0,0
19990609,10.28,10.28,10.28,10.28,0,0
19990610,10.23,10.23,10.23,10.23,0,0
19990611,10.13,10.13,10.13,10.13,0,0
19990614,10.18,10.18,10.18,10.18,0,0
19990615,10.18,10.18,10.18,10.18,0,0
19990616,10.2,10.2,10.2,10.2,0,0
19990617,10.33,10.33,10.33,10.33,0,0
19990618,10.3,10.3,10.3,10.3,0,0
19990621,10.23,10.23,10.23,10.23,0,0
19990622,10.2,10.2,10.2,10.2,0,0
19990623,10.13,10.13,10.13,10.13,0,0
19990624,10.09,10.09,10.09,10.09,0,0
19990625,10.1,10.1,10.1,10.1,0,0
19990628,10.17,10.17,10.17,10.17,0,0
19990629,10.21,10.21,10.21,10.21,0,0
19990630,10.3,10.3,10.3,10.3,54,0
19990701,10.27,10.27,10.27,10.27,0,0
19990702,10.29,10.29,10.29,10.29,0,0
19990706,10.25,10.25,10.25,10.25,0,0
19990707,10.22,10.22,10.22,10.22,0,0
19990708,10.29,10.29,10.29,10.29,0,0
19990709,10.28,10.28,10.28,10.28,0,0
19990712,10.39,10.39,10.39,10.39,0,0
19990713,10.41,10.41,10.41,10.41,0,0
19990714,10.39,10.39,10.39,10.39,0,0
19990715,10.4,10.4,10.4,10.4,0,0
19990716,10.42,10.42,10.42,10.42,0,0
19990719,10.41,10.41,10.41,10.41,0,0
19990720,10.41,10.41,10.41,10.41,0,0
19990721,10.39,10.39,10.39,10.39,0,0
19990722,10.3,10.3,10.3,10.3,0,0
19990723,10.24,10.24,10.24,10.24,0,0
19990726,10.23,10.23,10.23,10.23,0,0
19990727,10.26,10.26,10.26,10.26,0,0
19990728,10.26,10.26,10.26,10.26,0,0
19990729,10.2,10.2,10.2,10.2,0,0
19990730,10.16,10.16,10.16,10.16,56,0
19990802,10.16,10.16,10.16,10.16,0,0
19990803,10.13,10.13,10.13,10.13,0,0
19990804,10.14,10.14,10.14,10.14,0,0
19990805,10.18,10.18,10.18,10.18,0,0
19990806,10.07,10.07,10.07,10.07,0,0
19990809,10,10,10,10,0,0
19990810,9.98,9.98,9.98,9.98,0,0
19990811,10.01,10.01,10.01,10.01,0,0
19990812,9.98,9.98,9.98,9.98,0,0
19990813,10.06,10.06,10.06,10.06,0,0
19990816,10.05,10.05,10.05,10.05,0,0
19990817,10.13,10.13,10.13,10.13,0,0
19990818,10.15,10.15,10.15,10.15,0,0
19990819,10.13,10.13,10.13,10.13,0,0
19990820,10.15,10.15,10.15,10.15,0,0
19990823,10.15,10.15,10.15,10.15,0,0
19990824,10.19,10.19,10.19,10.19,0,0
19990825,10.28,10.28,10.28,10.28,0,0
19990826,10.27,10.27,10.27,10.27,0,0
19990827,10.17,10.17,10.17,10.17,0,0
19990830,10.07,10.07,10.07,10.07,0,0
19990831,10.06,10.06,10.06,10.06,56,0
19990901,10.04,10.04,10.04,10.04,0,0
19990902,9.98,9.98,9.98,9.98,0,0
19990903,10.1,10.1,10.1,10.1,0,0
19990907,10.04,10.04,10.04,10.04,0,0
19990908,10.05,10.05,10.05,10.05,0,0
19990909,10.01,10.01,10.01,10.01,0,0
19990910,10.08,10.08,10.08,10.08,0,0
19990913,10.05,10.05,10.05,10.05,0,0
19990914,10,10,10,10,0,0
19990915,10.01,10.01,10.01,10.01,0,0
19990916,10.05,10.05,10.05,10.05,0,0
19990917,10.09,10.09,10.09,10.09,0,0
19990920,10.06,10.06,10.06,10.06,0,0
19990921,10.05,10.05,10.05,10.05,0,0
19990922,10.06,10.06,10.06,10.06,0,0
19990923,10.13,10.13,10.13,10.13,0,0
19990924,10.21,10.21,10.21,10.21,0,0
19990927,10.14,10.14,10.14,10.14,0,0
19990928,10.09,10.09,10.09,10.09,0,0
19990929,10.01,10.01,10.01,10.01,0,0
19990930,10.09,10.09,10.09,10.09,54,0
19991001,9.99,9.99,9.99,9.99,0,0
19991004,10.04,10.04,10.04,10.04,0,0
19991005,9.96,9.96,9.96,9.96,0,0
19991006,9.97,9.97,9.97,9.97,0,0
19991007,9.96,9.96,9.96,9.96,0,0
19991008,9.96,9.96,9.96,9.96,0,0
19991011,9.96,9.96,9.96,9.96,0,0
19991012,9.93,9.93,9.93,9.93,0,0
19991013,9.88,9.88,9.88,9.88,0,0
19991014,9.85,9.85,9.85,9.85,0,0
19991015,9.91,9.91,9.91,9.91,0,0
19991018,9.87,9.87,9.87,9.87,0,0
19991019,9.84,9.84,9.84,9.84,0,0
19991020,9.84,9.84,9.84,9.84,0,0
19991021,9.82,9.82,9.82,9.82,0,0
19991022,9.83,9.83,9.83,9.83,0,0
19991025,9.83,9.83,9.83,9.83,0,0
19991026,9.81,9.81,9.81,9.81,0,0
19991027,9.87,9.87,9.87,9.87,0,0
19991028,9.94,9.94,9.94,9.94,0,0
19991029,10.06,10.06,10.06,10.06,56,0
19991101,10.02,10.02,10.02,10.02,0,0
19991102,10.07,10.07,10.07,10.07,0,0
19991103,10.08,10.08,10.08,10.08,0,0
19991104,10.13,10.13,10.13,10.13,0,0
19991105,10.18,10.18,10.18,10.18,0,0
19991108,10.16,10.16,10.16,10.16,0,0
19991109,10.16,10.16,10.16,10.16,0,0
19991110,10.13,10.13,10.13,10.13,0,0
19991111,10.13,10.13,10.13,10.13,0,0
19991112,10.21,10.21,10.21,10.21,0,0
19991115,10.2,10.2,10.2,10.2,0,0
19991116,10.18,10.18,10.18,10.18,0,0
19991117,10.11,10.11,10.11,10.11,0,0
19991118,10.08,10.08,10.08,10.08,0,0
19991119,10.09,10.09,10.09,10.09,0,0
19991122,10.06,10.06,10.06,10.06,0,0
19991123,10.06,10.06,10.06,10.06,0,0
19991124,10.04,10.04,10.04,10.04,0,0
19991126,10.02,10.02,10.02,10.02,0,0
19991129,9.93,9.93,9.93,9.93,0,0
19991130,9.96,9.96,9.96,9.96,55,0
19991201,9.94,9.94,9.94,9.94,0,0
19991202,9.92,9.92,9.92,9.92,0,0
19991203,9.99,9.99,9.99,9.99,0,0
19991206,10.01,10.01,10.01,10.01,0,0
19991207,10.05,10.05,10.05,10.05,0,0
19991208,10.02,10.02,10.02,10.02,0,0
19991209,10.04,10.04,10.04,10.04,0,0
19991210,10.1,10.1,10.1,10.1,0,0
19991213,10.07,10.07,10.07,10.07,0,0
19991214,9.95,9.95,9.95,9.95,0,0
19991215,9.92,9.92,9.92,9.92,0,0
19991216,9.85,9.85,9.85,9.85,0,0
19991217,9.85,9.85,9.85,9.85,0,0
19991220,9.8,9.8,9.8,9.8,0,0
19991221,9.78,9.78,9.78,9.78,0,0
19991222,9.78,9.78,9.78,9.78,0,0
19991223,9.77,9.77,9.77,9.77,0,0
19991227,9.8,9.8,9.8,9.8,0,0
19991228,9.78,9.78,9.78,9.78,0,0
19991229,9.81,9.81,9.81,9.81,0,0
19991230,9.82,9.82,9.82,9.82,0,0
19991231,9.77,9.77,9.77,9.77,57,0
20000103,9.67,9.67,9.67,9.67,0,0
20000104,9.74,9.74,9.74,9.74,0,0
20000105,9.65,9.65,9.65,9.65,0,0
20000106,9.72,9.72,9.72,9.72,0,0
20000107,9.76,9.76,9.76,9.76,0,0
20000110,9.73,9.73,9.73,9.73,0,0
20000111,9.64,9.64,9.64,9.64,0,0
20000112,9.62,9.62,9.62,9.62,0,0
20000113,9.7,9.7,9.7,9.7,0,0
20000114,9.66,9.66,9.66,9.66,0,0
20000118,9.62,9.62,9.62,9.62,0,0
20000119,9.65,9.65,9.65,9.65,0,0
20000120,9.63,9.63,9.63,9.63,0,0
20000121,9.65,9.65,9.65,9.65,0,0
20000124,9.71,9.71,9.71,9.71,0,0
20000125,9.72,9.72,9.72,9.72,0,0
20000126,9.77,9.77,9.77,9.77,0,0
20000127,9.82,9.82,9.82,9.82,0,0
20000128,9.89,9.89,9.89,9.89,0,0
20000131,9.82,9.82,9.82,9.82,57,0
20000201,9.87,9.87,9.87,9.87,0,0
20000202,9.91,9.91,9.91,9.91,0,0
20000203,9.99,9.99,9.99,9.99,0,0
20000204,9.97,9.97,9.97,9.97,0,0
20000207,9.89,9.89,9.89,9.89,0,0
20000208,9.99,9.99,9.99,9.99,0,0
20000209,9.9,9.9,9.9,9.9,0,0
20000210,9.81,9.81,9.81,9.81,0,0
20000211,9.86,9.86,9.86,9.86,0,0
20000214,9.93,9.93,9.93,9.93,0,0
20000215,9.9,9.9,9.9,9.9,0,0
20000216,9.87,9.87,9.87,9.87,0,0
20000217,9.91,9.91,9.91,9.91,0,0
20000218,9.99,9.99,9.99,9.99,0,0
20000222,10.07,10.07,10.07,10.07,0,0
20000223,10,10,10,10,0,0
20000224,10.02,10.02,10.02,10.02,0,0
20000225,9.99,9.99,9.99,9.99,0,0
20000228,9.93,9.93,9.93,9.93,0,0
20000229,9.99,9.99,9.99,9.99,54,0
20000301,9.97,9.97,9.97,9.97,0,0
20000302,9.99,9.99,9.99,9.99,0,0
20000303,10.03,10.03,10.03,10.03,0,0
20000306,10,10,10,10,0,0
20000307,9.99,9.99,9.99,9.99,0,0
20000308,9.97,9.97,9.97,9.97,0,0
20000309,9.97,9.97,9.97,9.97,0,0
20000310,9.92,9.92,9.92,9.92,0,0
20000313,9.92,9.92,9.92,9.92,0,0
20000314,9.97,9.97,9.97,9.97,0,0
20000315,10.01,10.01,10.01,10.01,0,0
20000316,10.04,10.04,10.04,10.04,0,0
20000317,10.09,10.09,10.09,10.09,0,0
20000320,10.1,10.1,10.1,10.1,0,0
20000321,10.11,10.11,10.11,10.11,0,0
20000322,10.09,10.09,10.09,10.09,0,0
20000323,10.14,10.14,10.14,10.14,0,0
20000324,10.06,10.06,10.06,10.06,0,0
20000327,10.06,10.06,10.06,10.06,0,0
20000328,10.05,10.05,10.05,10.05,0,0
20000329,10.05,10.05,10.05,10.05,0,0
20000330,10.14,10.14,10.14,10.14,0,0
20000331,10.18,10.18,10.18,10.18,58,0
20000403,10.19,10.19,10.19,10.19,0,0
20000404,10.24,10.24,10.24,10.24,0,0
20000405,10.2,10.2,10.2,10.2,0,0
20000406,10.22,10.22,10.22,10.22,0,0
20000407,10.3,10.3,10.3,10.3,0,0
20000410,10.29,10.29,10.29,10.29,0,0
20000411,10.2,10.2,10.2,10.2,0,0
20000412,10.13,10.13,10.13,10.13,0,0
20000413,10.17,10.17,10.17,10.17,0,0
20000414,10.18,10.18,10.18,10.18,0,0
20000417,10.04,10.04,10.04,10.04,0,0
20000418,10.06,10.06,10.06,10.06,0,0
20000419,10.15,10.15,10.15,10.15,0,0
20000420,10.15,10.15,10.15,10.15,0,0
20000424,10.11,10.11,10.11,10.11,0,0
20000425,10.05,10.05,10.05,10.05,0,0
20000426,10.04,10.04,10.04,10.04,0,0
20000427,9.97,9.97,9.97,9.97,0,0
20000428,9.99,9.99,9.99,9.99,55,0
20000501,9.97,9.97,9.97,9.97,0,0
20000502,9.91,9.91,9.91,9.91,0,0
20000503,9.8,9.8,9.8,9.8,0,0
20000504,9.72,9.72,9.72,9.72,0,0
20000505,9.68,9.68,9.68,9.68,0,0
20000508,9.62,9.62,9.62,9.62,0,0
20000509,9.66,9.66,9.66,9.66,0,0
20000510,9.7,9.7,9.7,9.7,0,0
20000511,9.71,9.71,9.71,9.71,0,0
20000512,9.64,9.64,9.64,9.64,0,0
20000515,9.68,9.68,9.68,9.68,0,0
20000516,9.73,9.73,9.73,9.73,0,0
20000517,9.67,9.67,9.67,9.67,0,0
20000518,9.59,9.59,9.59,9.59,0,0
20000519,9.61,9.61,9.61,9.61,0,0
20000522,9.68,9.68,9.68,9.68,0,0
20000523,9.68,9.68,9.68,9.68,0,0
20000524,9.66,9.66,9.66,9.66,0,0
20000525,9.75,9.75,9.75,9.75,0,0
20000526,9.79,9.79,9.79,9.79,0,0
20000530,9.74,9.74,9.74,9.74,0,0
20000531,9.83,9.83,9.83,9.83,57,0
20000601,9.91,9.91,9.91,9.91,0,0
20000602,9.96,9.96,9.96,9.96,0,0
20000605,10,10,10,10,0,0
20000606,10,10,10,10,0,0
20000607,10.03,10.03,10.03,10.03,0,0
20000608,10.04,10.04,10.04,10.04,0,0
20000609,10.03,10.03,10.03,10.03,0,0
20000612,10.07,10.07,10.07,10.07,0,0
20000613,10.01,10.01,10.01,10.01,0,0
20000614,10.06,10.06,10.06,10.06,0,0
20000615,10.05,10.05,10.05,10.05,0,0
20000616,10.1,10.1,10.1,10.1,0,0
20000619,10.08,10.08,10.08,10.08,0,0
20000620,10.06,10.06,10.06,10.06,0,0
20000621,9.99,9.99,9.99,9.99,0,0
20000622,9.97,9.97,9.97,9.97,0,0
20000623,9.92,9.92,9.92,9.92,0,0
20000626,9.97,9.97,9.97,9.97,0,0
20000627,10,10,10,10,0,0
20000628,9.97,9.97,9.97,9.97,0,0
20000629,10.06,10.06,10.06,10.06,0,0
20000630,10.05,10.05,10.05,10.05,56,0
20000703,10.09,10.09,10.09,10.09,0,0
20000705,10.1,10.1,10.1,10.1,0,0
20000706,10.05,10.05,10.05,10.05,0,0
20000707,10.1,10.1,10.1,10.1,0,0
20000710,10.09,10.09,10.09,10.09,0,0
20000711,10.09,10.09,10.09,10.09,0,0
20000712,10.08,10.08,10.08,10.08,0,0
20000713,10.16,10.16,10.16,10.16,0,0
20000714,10.09,10.09,10.09,10.09,0,0
20000717,10.03,10.03,10.03,10.03,0,0
20000718,10.04,10.04,10.04,10.04,0,0
20000719,10.04,10.04,10.04,10.04,0,0
20000720,10.16,10.16,10.16,10.16,0,0
20000721,10.19,10.19,10.19,10.19,0,0
20000724,10.16,10.16,10.16,10.16,0,0
20000725,10.17,10.17,10.17,10.17,0,0
20000726,10.17,10.17,10.17,10.17,0,0
20000727,10.21,10.21,10.21,10.21,0,0
20000728,10.18,10.18,10.18,10.18,0,0
20000731,10.17,10.17,10.17,10.17,58,0
20000801,10.21,10.21,10.21,10.21,0,0
20000802,10.2,10.2,10.2,10.2,0,0
20000803,10.25,10.25,10.25,10.25,0,0
20000804,10.28,10.28,10.28,10.28,0,0
20000807,10.25,10.25,10.25,10.25,0,0
20000808,10.28,10.28,10.28,10.28,0,0
20000809,10.29,10.29,10.29,10.29,0,0
20000810,10.33,10.33,10.33,10.33,0,0
20000811,10.28,10.28,10.28,10.28,0,0
20000814,10.3,10.3,10.3,10.3,0,0
20000815,10.28,10.28,10.28,10.28,0,0
20000816,10.26,10.26,10.26,10.26,0,0
20000817,10.27,10.27,10.27,10.27,0,0
20000818,10.3,10.3,10.3,10.3,0,0
20000821,10.28,10.28,10.28,10.28,0,0
20000822,10.29,10.29,10.29,10.29,0,0
20000823,10.31,10.31,10.31,10.31,0,0
20000824,10.34,10.34,10.34,10.34,0,0
20000825,10.34,10.34,10.34,10.34,0,0
20000828,10.28,10.28,10.28,10.28,0,0
20000829,10.25,10.25,10.25,10.25,0,0
20000830,10.26,10.26,10.26,10.26,0,0
20000831,10.31,10.31,10.31,10.31,58,0
20000901,10.34,10.34,10.34,10.34,0,0
20000905,10.34,10.34,10.34,10.34,0,0
20000906,10.29,10.29,10.29,10.29,0,0
20000907,10.27,10.27,10.27,10.27,0,0
20000908,10.29,10.29,10.29,10.29,0,0
20000911,10.26,10.26,10.26,10.26,0,0
20000912,10.24,10.24,10.24,10.24,0,0
20000913,10.27,10.27,10.27,10.27,0,0
20000914,10.21,10.21,10.21,10.21,0,0
20000915,10.14,10.14,10.14,10.14,0,0
20000918,10.11,10.11,10.11,10.11,0,0
20000919,10.13,10.13,10.13,10.13,0,0
20000920,10.09,10.09,10.09,10.09,0,0
20000921,10.12,10.12,10.12,10.12,0,0
20000922,10.14,10.14,10.14,10.14,0,0
20000925,10.16,10.16,10.16,10.16,0,0
20000926,10.2,10.2,10.2,10.2,0,0
20000927,10.16,10.16,10.16,10.16,0,0
20000928,10.18,10.18,10.18,10.18,0,0
20000929,10.2,10.2,10.2,10.2,56,0
20001002,10.15,10.15,10.15,10.15,0,0
20001003,10.13,10.13,10.13,10.13,0,0
20001004,10.12,10.12,10.12,10.12,0,0
20001005,10.14,10.14,10.14,10.14,0,0
20001006,10.19,10.19,10.19,10.19,0,0
20001009,10.19,10.19,10.19,10.19,0,0
20001010,10.19,10.19,10.19,10.19,0,0
20001011,10.18,10.18,10.18,10.18,0,0
20001012,10.21,10.21,10.21,10.21,0,0
20001013,10.21,10.21,10.21,10.21,0,0
20001016,10.2,10.2,10.2,10.2,0,0
20001017,10.24,10.24,10.24,10.24,0,0
20001018,10.23,10.23,10.23,10.23,0,0
20001019,10.25,10.25,10.25,10.25,0,0
20001020,10.29,10.29,10.29,10.29,0,0
20001023,10.35,10.35,10.35,10.35,0,0
20001024,10.31,10.31,10.31,10.31,0,0
20001025,10.27,10.27,10.27,10.27,0,0
20001026,10.28,10.28,10.28,10.28,0,0
20001027,10.28,10.28,10.28,10.28,0,0
20001030,10.27,10.27,10.27,10.27,0,0
20001031,10.24,10.24,10.24,10.24,58,0
20001101,10.26,10.26,10.26,10.26,0,0
20001102,10.26,10.26,10.26,10.26,0,0
20001103,10.18,10.18,10.18,10.18,0,0
20001106,10.15,10.15,10.15,10.15,0,0
20001107,10.15,10.15,10.15,10.15,0,0
20001108,10.17,10.17,10.17,10.17,0,0
20001109,10.19,10.19,10.19,10.19,0,0
20001110,10.18,10.18,10.18,10.18,0,0
20001113,10.21,10.21,10.21,10.21,0,0
20001114,10.25,10.25,10.25,10.25,0,0
20001115,10.29,10.29,10.29,10.29,0,0
20001116,10.32,10.32,10.32,10.32,0,0
20001117,10.27,10.27,10.27,10.27,0,0
20001120,10.28,10.28,10.28,10.28,0,0
20001121,10.27,10.27,10.27,10.27,0,0
20001122,10.35,10.35,10.35,10.35,0,0
20001124,10.34,10.34,10.34,10.34,0,0
20001127,10.31,10.31,10.31,10.31,0,0
20001128,10.34,10.34,10.34,10.34,0,0
20001129,10.36,10.36,10.36,10.36,0,0
20001130,10.44,10.44,10.44,10.44,56,0
20001201,10.38,10.38,10.38,10.38,0,0
20001204,10.37,10.37,10.37,10.37,0,0
20001205,10.45,10.45,10.45,10.45,0,0
20001206,10.54,10.54,10.54,10.54,0,0
20001207,10.56,10.56,10.56,10.56,0,0
20001208,10.53,10.53,10.53,10.53,0,0
20001211,10.53,10.53,10.53,10.53,0,0
20001212,10.54,10.54,10.54,10.54,0,0
20001213,10.6,10.6,10.6,10.6,0,0
20001214,10.66,10.66,10.66,10.66,0,0
20001215,10.67,10.67,10.67,10.67,0,0
20001218,10.67,10.67,10.67,10.67,0,0
20001219,10.64,10.64,10.64,10.64,0,0
20001220,10.71,10.71,10.71,10.71,0,0
20001221,10.73,10.73,10.73,10.73,0,0
20001222,10.75,10.75,10.75,10.75,0,0
20001226,10.72,10.72,10.72,10.72,0,0
20001227,10.67,10.67,10.67,10.67,0,0
20001228,10.67,10.67,10.67,10.67,0,0
20001229,10.66,10.66,10.66,10.66,58,0
20010102,10.79,10.79,10.79,10.79,0,0
20010103,10.66,10.66,10.66,10.66,0,0
20010104,10.74,10.74,10.74,10.74,0,0
20010105,10.81,10.81,10.81,10.81,0,0
20010108,10.82,10.82,10.82,10.82,0,0
20010109,10.79,10.79,10.79,10.79,0,0
20010110,10.73,10.73,10.73,10.73,0,0
20010111,10.67,10.67,10.67,10.67,0,0
20010112,10.58,10.58,10.58,10.58,0,0
20010116,10.62,10.62,10.62,10.62,0,0
20010117,10.71,10.71,10.71,10.71,0,0
20010118,10.78,10.78,10.78,10.78,0,0
20010119,10.7,10.7,10.7,10.7,0,0
20010122,10.64,10.64,10.64,10.64,0,0
20010123,10.6,10.6,10.6,10.6,0,0
20010124,10.6,10.6,10.6,10.6,0,0
20010125,10.65,10.65,10.65,10.65,0,0
20010126,10.64,10.64,10.64,10.64,0,0
20010129,10.6,10.6,10.6,10.6,0,0
20010130,10.71,10.71,10.71,10.71,0,0
20010131,10.78,10.78,10.78,10.78,58,0
20010201,10.88,10.88,10.88,10.88,0,0
20010202,10.81,10.81,10.81,10.81,0,0
20010205,10.82,10.82,10.82,10.82,0,0
20010206,10.77,10.77,10.77,10.77,0,0
20010207,10.77,10.77,10.77,10.77,0,0
20010208,10.77,10.77,10.77,10.77,0,0
20010209,10.85,10.85,10.85,10.85,0,0
20010212,10.79,10.79,10.79,10.79,0,0
20010213,10.77,10.77,10.77,10.77,0,0
20010214,10.74,10.74,10.74,10.74,0,0
20010215,10.68,10.68,10.68,10.68,0,0
20010216,10.73,10.73,10.73,10.73,0,0
20010220,10.73,10.73,10.73,10.73,0,0
20010221,10.68,10.68,10.68,10.68,0,0
20010222,10.66,10.66,10.66,10.66,0,0
20010223,10.7,10.7,10.7,10.7,0,0
20010226,10.74,10.74,10.74,10.74,0,0
20010227,10.87,10.87,10.87,10.87,0,0
20010228,10.89,10.89,10.89,10.89,52,0
20010301,10.95,10.95,10.95,10.95,0,0
20010302,10.85,10.85,10.85,10.85,0,0
20010305,10.84,10.84,10.84,10.84,0,0
20010306,10.83,10.83,10.83,10.83,0,0
20010307,10.91,10.91,10.91,10.91,0,0
20010308,10.93,10.93,10.93,10.93,0,0
20010309,10.9,10.9,10.9,10.9,0,0
20010312,10.91,10.91,10.91,10.91,0,0
20010313,10.89,10.89,10.89,10.89,0,0
20010314,10.95,10.95,10.95,10.95,0,0
20010315,10.95,10.95,10.95,10.95,0,0
20010316,10.99,10.99,10.99,10.99,0,0
20010319,10.95,10.95,10.95,10.95,0,0
20010320,10.98,10.98,10.98,10.98,0,0
20010321,10.98,10.98,10.98,10.98,0,0
20010322,11.03,11.03,11.03,11.03,0,0
20010323,10.96,10.96,10.96,10.96,0,0
20010326,10.89,10.89,10.89,10.89,0,0
20010327,10.78,10.78,10.78,10.78,0,0
20010328,10.77,10.77,10.77,10.77,0,0
20010329,10.77,10.77,10.77,10.77,0,0
20010330,10.79,10.79,10.79,10.79,59,0
20010402,10.78,10.78,10.78,10.78,0,0
20010403,10.78,10.78,10.78,10.78,0,0
20010404,10.78,10.78,10.78,10.78,0,0
20010405,10.73,10.73,10.73,10.73,0,0
20010406,10.82,10.82,10.82,10.82,0,0
20010409,10.78,10.78,10.78,10.78,0,0
20010410,10.63,10.63,10.63,10.63,0,0
20010411,10.64,10.64,10.64,10.64,0,0
20010412,10.62,10.62,10.62,10.62,0,0
20010416,10.53,10.53,10.53,10.53,0,0
20010417,10.58,10.58,10.58,10.58,0,0
20010418,10.62,10.62,10.62,10.62,0,0
20010419,10.5,10.5,10.5,10.5,0,0
20010420,10.49,10.49,10.49,10.49,0,0
20010423,10.56,10.56,10.56,10.56,0,0
20010424,10.54,10.54,10.54,10.54,0,0
20010425,10.51,10.51,10.51,10.51,0,0
20010426,10.61,10.61,10.61,10.61,0,0
20010427,10.5,10.5,10.5,10.5,0,0
20010430,10.53,10.53,10.53,10.53,57,0
20010501,10.58,10.58,10.58,10.58,0,0
20010502,10.64,10.64,10.64,10.64,0,0
20010503,10.72,10.72,10.72,10.72,0,0
20010504,10.71,10.71,10.71,10.71,0,0
20010507,10.69,10.69,10.69,10.69,0,0
20010508,10.65,10.65,10.65,10.65,0,0
20010509,10.7,10.7,10.7,10.7,0,0
20010510,10.6,10.6,10.6,10.6,0,0
20010511,10.43,10.43,10.43,10.43,0,0
20010514,10.47,10.47,10.47,10.47,0,0
20010515,10.43,10.43,10.43,10.43,0,0
20010516,10.47,10.47,10.47,10.47,0,0
20010517,10.55,10.55,10.55,10.55,0,0
20010518,10.57,10.57,10.57,10.57,0,0
20010521,10.58,10.58,10.58,10.58,0,0
20010522,10.56,10.56,10.56,10.56,0,0
20010523,10.55,10.55,10.55,10.55,0,0
20010524,10.46,10.46,10.46,10.46,0,0
20010525,10.47,10.47,10.47,10.47,0,0
20010529,10.47,10.47,10.47,10.47,0,0
20010530,10.48,10.48,10.48,10.48,0,0
20010531,10.58,10.58,10.58,10.58,59,0
20010601,10.64,10.64,10.64,10.64,0,0
20010604,10.69,10.69,10.69,10.69,0,0
20010605,10.74,10.74,10.74,10.74,0,0
20010606,10.74,10.74,10.74,10.74,0,0
20010607,10.67,10.67,10.67,10.67,0,0
20010608,10.65,10.65,10.65,10.65,0,0
20010611,10.69,10.69,10.69,10.69,0,0
20010612,10.74,10.74,10.74,10.74,0,0
20010613,10.72,10.72,10.72,10.72,0,0
20010614,10.75,10.75,10.75,10.75,0,0
20010615,10.7,10.7,10.7,10.7,0,0
20010618,10.67,10.67,10.67,10.67,0,0
20010619,10.68,10.68,10.68,10.68,0,0
20010620,10.7,10.7,10.7,10.7,0,0
20010621,10.73,10.73,10.73,10.73,0,0
20010622,10.81,10.81,10.81,10.81,0,0
20010625,10.8,10.8,10.8,10.8,0,0
20010626,10.73,10.73,10.73,10.73,0,0
20010627,10.75,10.75,10.75,10.75,0,0
20010628,10.68,10.68,10.68,10.68,0,0
20010629,10.61,10.61,10.61,10.61,57,0
20010702,10.66,10.66,10.66,10.66,0,0
20010703,10.62,10.62,10.62,10.62,0,0
20010705,10.58,10.58,10.58,10.58,0,0
20010706,10.61,10.61,10.61,10.61,0,0
20010709,10.65,10.65,10.65,10.65,0,0
20010710,10.69,10.69,10.69,10.69,0,0
20010711,10.66,10.66,10.66,10.66,0,0
20010712,10.7,10.7,10.7,10.7,0,0
20010713,10.72,10.72,10.72,10.72,0,0
20010716,10.76,10.76,10.76,10.76,0,0
20010717,10.77,10.77,10.77,10.77,0,0
20010718,10.87,10.87,10.87,10.87,0,0
20010719,10.85,10.85,10.85,10.85,0,0
20010720,10.85,10.85,10.85,10.85,0,0
20010723,10.88,10.88,10.88,10.88,0,0
20010724,10.89,10.89,10.89,10.89,0,0
20010725,10.83,10.83,10.83,10.83,0,0
20010726,10.82,10.82,10.82,10.82,0,0
20010727,10.88,10.88,10.88,10.88,0,0
20010730,10.9,10.9,10.9,10.9,0,0
20010731,10.93,10.93,10.93,10.93,59,0
20010801,10.91,10.91,10.91,10.91,0,0
20010802,10.86,10.86,10.86,10.86,0,0
20010803,10.84,10.84,10.84,10.84,0,0
20010806,10.83,10.83,10.83,10.83,0,0
20010807,10.83,10.83,10.83,10.83,0,0
20010808,10.92,10.92,10.92,10.92,0,0
20010809,10.9,10.9,10.9,10.9,0,0
20010810,10.93,10.93,10.93,10.93,0,0
20010813,10.93,10.93,10.93,10.93,0,0
20010814,10.92,10.92,10.92,10.92,0,0
20010815,10.9,10.9,10.9,10.9,0,0
20010816,10.94,10.94,10.94,10.94,0,0
20010817,11.01,11.01,11.01,11.01,0,0
20010820,10.95,10.95,10.95,10.95,0,0
20010821,10.97,10.97,10.97,10.97,0,0
20010822,10.98,10.98,10.98,10.98,0,0
20010823,11.03,11.03,11.03,11.03,0,0
20010824,10.99,10.99,10.99,10.99,0,0
20010827,10.97,10.97,10.97,10.97,0,0
20010828,11.05,11.05,11.05,11.05,0,0
20010829,11.1,11.1,11.1,11.1,0,0
20010830,11.09,11.09,11.09,11.09,0,0
20010831,11.08,11.08,11.08,11.08,58,0
20010904,10.93,10.93,10.93,10.93,0,0
20010905,10.94,10.94,10.94,10.94,0,0
20010906,11.02,11.02,11.02,11.02,0,0
20010907,11.06,11.06,11.06,11.06,0,0
20010910,10.99,10.99,10.99,10.99,0,0
20010917,11.01,11.01,11.01,11.01,0,0
20010918,10.81,10.81,10.81,10.81,0,0
20010919,10.82,10.82,10.82,10.82,0,0
20010920,10.72,10.72,10.72,10.72,0,0
20010921,10.78,10.78,10.78,10.78,0,0
20010924,10.81,10.81,10.81,10.81,0,0
20010925,10.8,10.8,10.8,10.8,0,0
20010926,10.9,10.9,10.9,10.9,0,0
20010927,10.97,10.97,10.97,10.97,0,0
20010928,10.99,10.99,10.99,10.99,55,0
20011001,11.05,11.05,11.05,11.05,0,0
20011002,11.09,11.09,11.09,11.09,0,0
20011003,11.11,11.11,11.11,11.11,0,0
20011004,11.11,11.11,11.11,11.11,0,0
20011005,11.11,11.11,11.11,11.11,0,0
20011008,11.11,11.11,11.11,11.11,0,0
20011009,11.03,11.03,11.03,11.03,0,0
20011010,11.05,11.05,11.05,11.05,0,0
20011011,10.98,10.98,10.98,10.98,0,0
20011012,10.98,10.98,10.98,10.98,0,0
20011015,11.04,11.04,11.04,11.04,0,0
20011016,11.08,11.08,11.08,11.08,0,0
20011017,11.12,11.12,11.12,11.12,0,0
20011018,11.13,11.13,11.13,11.13,0,0
20011019,11.08,11.08,11.08,11.08,0,0
20011022,11.09,11.09,11.09,11.09,0,0
20011023,11.07,11.07,11.07,11.07,0,0
20011024,11.14,11.14,11.14,11.14,0,0
20011025,11.18,11.18,11.18,11.18,0,0
20011026,11.19,11.19,11.19,11.19,0,0
20011029,11.21,11.21,11.21,11.21,0,0
20011030,11.25,11.25,11.25,11.25,0,0
20011031,11.45,11.45,11.45,11.45,57,0
20011101,11.51,11.51,11.51,11.51,0,0
20011102,11.32,11.32,11.32,11.32,0,0
20011105,11.44,11.44,11.44,11.44,0,0
20011106,11.45,11.45,11.45,11.45,0,0
20011107,11.57,11.57,11.57,11.57,0,0
20011108,11.51,11.51,11.51,11.51,0,0
20011109,11.49,11.49,11.49,11.49,0,0
20011112,11.49,11.49,11.49,11.49,0,0
20011113,11.43,11.43,11.43,11.43,0,0
20011114,11.3,11.3,11.3,11.3,0,0
20011115,11.09,11.09,11.09,11.09,0,0
20011116,10.97,10.97,10.97,10.97,0,0
20011119,11.08,11.08,11.08,11.08,0,0
20011120,10.99,10.99,10.99,10.99,0,0
20011121,10.93,10.93,10.93,10.93,0,0
20011123,10.88,10.88,10.88,10.88,0,0
20011126,10.89,10.89,10.89,10.89,0,0
20011127,10.91,10.91,10.91,10.91,0,0
20011128,10.91,10.91,10.91,10.91,0,0
20011129,11.05,11.05,11.05,11.05,0,0
20011130,11.02,11.02,11.02,11.02,54,0
20011203,11.02,11.02,11.02,11.02,0,0
20011204,11.08,11.08,11.08,11.08,0,0
20011205,10.87,10.87,10.87,10.87,0,0
20011206,10.78,10.78,10.78,10.78,0,0
20011207,10.63,10.63,10.63,10.63,0,0
20011210,10.66,10.66,10.66,10.66,0,0
20011211,10.69,10.69,10.69,10.69,0,0
20011212,10.79,10.79,10.79,10.79,0,0
20011213,10.7,10.7,10.7,10.7,0,0
20011214,10.63,10.63,10.63,10.63,0,0
20011217,10.64,10.64,10.64,10.64,0,0
20011218,10.7,10.7,10.7,10.7,0,0
20011219,10.81,10.81,10.81,10.81,0,0
20011220,10.83,10.83,10.83,10.83,0,0
20011221,10.8,10.8,10.8,10.8,0,0
20011224,10.77,10.77,10.77,10.77,0,0
20011226,10.74,10.74,10.74,10.74,0,0
20011227,10.79,10.79,10.79,10.79,0,0
20011228,10.74,10.74,10.74,10.74,0,0
20011231,10.83,10.83,10.83,10.83,58,0
20020102,10.73,10.73,10.73,10.73,0,0
20020103,10.77,10.77,10.77,10.77,0,0
20020104,10.75,10.75,10.75,10.75,0,0
20020107,10.85,10.85,10.85,10.85,0,0
20020108,10.84,10.84,10.84,10.84,0,0
20020109,10.85,10.85,10.85,10.85,0,0
20020110,10.97,10.97,10.97,10.97,0,0
20020111,11.03,11.03,11.03,11.03,0,0
20020114,11,11,11,11,0,0
20020115,11.06,11.06,11.06,11.06,0,0
20020116,11.04,11.04,11.04,11.04,0,0
20020117,10.96,10.96,10.96,10.96,0,0
20020118,11.01,11.01,11.01,11.01,0,0
20020122,11.01,11.01,11.01,11.01,0,0
20020123,10.89,10.89,10.89,10.89,0,0
20020124,10.89,10.89,10.89,10.89,0,0
20020125,10.89,10.89,10.89,10.89,0,0
20020128,10.9,10.9,10.9,10.9,0,0
20020129,10.98,10.98,10.98,10.98,0,0
20020130,10.97,10.97,10.97,10.97,0,0
20020131,10.93,10.93,10.93,10.93,57,0
20020201,10.97,10.97,10.97,10.97,0,0
20020204,11.03,11.03,11.03,11.03,0,0
20020205,11.01,11.01,11.01,11.01,0,0
20020206,10.96,10.96,10.96,10.96,0,0
20020207,10.93,10.93,10.93,10.93,0,0
20020208,10.98,10.98,10.98,10.98,0,0
20020211,10.97,10.97,10.97,10.97,0,0
20020212,10.9,10.9,10.9,10.9,0,0
20020213,10.89,10.89,10.89,10.89,0,0
20020214,10.95,10.95,10.95,10.95,0,0
20020215,11.01,11.01,11.01,11.01,0,0
20020219,10.98,10.98,10.98,10.98,0,0
20020220,10.98,10.98,10.98,10.98,0,0
20020221,10.99,10.99,10.99,10.99,0,0
20020222,11.03,11.03,11.03,11.03,0,0
20020225,11.01,11.01,11.01,11.01,0,0
20020226,10.94,10.94,10.94,10.94,0,0
20020227,11.02,11.02,11.02,11.02,0,0
20020228,11,11,11,11,52,0
20020301,10.9,10.9,10.9,10.9,0,0
20020304,10.9,10.9,10.9,10.9,0,0
20020305,10.91,10.91,10.91,10.91,0,0
20020306,10.87,10.87,10.87,10.87,0,0
20020307,10.74,10.74,10.74,10.74,0,0
20020308,10.66,10.66,10.66,10.66,0,0
20020311,10.66,10.66,10.66,10.66,0,0
20020312,10.65,10.65,10.65,10.65,0,0
20020313,10.67,10.67,10.67,10.67,0,0
20020314,10.54,10.54,10.54,10.54,0,0
20020315,10.6,10.6,10.6,10.6,0,0
20020318,10.65,10.65,10.65,10.65,0,0
20020319,10.62,10.62,10.62,10.62,0,0
20020320,10.55,10.55,10.55,10.55,0,0
20020321,10.59,10.59,10.59,10.59,0,0
20020322,10.57,10.57,10.57,10.57,0,0
20020325,10.58,10.58,10.58,10.58,0,0
20020326,10.64,10.64,10.64,10.64,0,0
20020327,10.64,10.64,10.64,10.64,0,0
20020328,10.56,10.56,10.56,10.56,59,0
20020401,10.58,10.58,10.58,10.58,0,0
20020402,10.65,10.65,10.65,10.65,0,0
20020403,10.71,10.71,10.71,10.71,0,0
20020404,10.72,10.72,10.72,10.72,0,0
20020405,10.76,10.76,10.76,10.76,0,0
20020408,10.72,10.72,10.72,10.72,0,0
20020409,10.75,10.75,10.75,10.75,0,0
20020410,10.73,10.73,10.73,10.73,0,0
20020411,10.75,10.75,10.75,10.75,0,0
20020412,10.77,10.77,10.77,10.77,0,0
20020415,10.79,10.79,10.79,10.79,0,0
20020416,10.75,10.75,10.75,10.75,0,0
20020417,10.69,10.69,10.69,10.69,0,0
20020418,10.72,10.72,10.72,10.72,0,0
20020419,10.75,10.75,10.75,10.75,0,0
20020422,10.75,10.75,10.75,10.75,0,0
20020423,10.75,10.75,10.75,10.75,0,0
20020424,10.81,10.81,10.81,10.81,0,0
20020425,10.82,10.82,10.82,10.82,0,0
20020426,10.84,10.84,10.84,10.84,0,0
20020429,10.8,10.8,10.8,10.8,0,0
20020430,10.82,10.82,10.82,10.82,52,0
20020501,10.84,10.84,10.84,10.84,0,0
20020502,10.79,10.79,10.79,10.79,0,0
20020503,10.84,10.84,10.84,10.84,0,0
20020506,10.83,10.83,10.83,10.83,0,0
20020507,10.82,10.82,10.82,10.82,0,0
20020508,10.7,10.7,10.7,10.7,0,0
20020509,10.73,10.73,10.73,10.73,0,0
20020510,10.77,10.77,10.77,10.77,0,0
20020513,10.68,10.68,10.68,10.68,0,0
20020514,10.59,10.59,10.59,10.59,0,0
20020515,10.62,10.62,10.62,10.62,0,0
20020516,10.66,10.66,10.66,10.66,0,0
20020517,10.6,10.6,10.6,10.6,0,0
20020520,10.66,10.66,10.66,10.66,0,0
20020521,10.71,10.71,10.71,10.71,0,0
20020522,10.75,10.75,10.75,10.75,0,0
20020523,10.72,10.72,10.72,10.72,0,0
20020524,10.72,10.72,10.72,10.72,0,0
20020528,10.73,10.73,10.73,10.73,0,0
20020529,10.79,10.79,10.79,10.79,0,0
20020530,10.83,10.83,10.83,10.83,0,0
20020531,10.82,10.82,10.82,10.82,54,0
20020603,10.82,10.82,10.82,10.82,0,0
20020604,10.82,10.82,10.82,10.82,0,0
20020605,10.78,10.78,10.78,10.78,0,0
20020606,10.81,10.81,10.81,10.81,0,0
20020607,10.76,10.76,10.76,10.76,0,0
20020610,10.79,10.79,10.79,10.79,0,0
20020611,10.84,10.84,10.84,10.84,0,0
20020612,10.87,10.87,10.87,10.87,0,0
20020613,10.9,10.9,10.9,10.9,0,0
20020614,11,11,11,11,0,0
20020617,10.92,10.92,10.92,10.92,0,0
20020618,10.94,10.94,10.94,10.94,0,0
20020619,11.02,11.02,11.02,11.02,0,0
20020620,10.92,10.92,10.92,10.92,0,0
20020621,10.99,10.99,10.99,10.99,0,0
20020624,10.9,10.9,10.9,10.9,0,0
20020625,10.9,10.9,10.9,10.9,0,0
20020626,10.93,10.93,10.93,10.93,0,0
20020627,10.8,10.8,10.8,10.8,0,0
20020628,10.78,10.78,10.78,10.78,56,0
20020701,10.79,10.79,10.79,10.79,0,0
20020702,10.83,10.83,10.83,10.83,0,0
20020703,10.82,10.82,10.82,10.82,0,0
20020705,10.72,10.72,10.72,10.72,0,0
20020708,10.76,10.76,10.76,10.76,0,0
20020709,10.84,10.84,10.84,10.84,0,0
20020710,10.93,10.93,10.93,10.93,0,0
20020711,10.93,10.93,10.93,10.93,0,0
20020712,10.94,10.94,10.94,10.94,0,0
20020715,10.89,10.89,10.89,10.89,0,0
20020716,10.8,10.8,10.8,10.8,0,0
20020717,10.84,10.84,10.84,10.84,0,0
20020718,10.86,10.86,10.86,10.86,0,0
20020719,10.9,10.9,10.9,10.9,0,0
20020722,10.97,10.97,10.97,10.97,0,0
20020723,10.96,10.96,10.96,10.96,0,0
20020724,10.87,10.87,10.87,10.87,0,0
20020725,10.91,10.91,10.91,10.91,0,0
20020726,10.88,10.88,10.88,10.88,0,0
20020729,10.76,10.76,10.76,10.76,0,0
20020730,10.76,10.76,10.76,10.76,0,0
20020731,10.87,10.87,10.87,10.87,55,0
20020801,10.9,10.9,10.9,10.9,0,0
20020802,11,11,11,11,0,0
20020805,10.99,10.99,10.99,10.99,0,0
20020806,10.9,10.9,10.9,10.9,0,0
20020807,10.96,10.96,10.96,10.96,0,0
20020808,10.92,10.92,10.92,10.92,0,0
20020809,11.06,11.06,11.06,11.06,0,0
20020812,11.11,11.11,11.11,11.11,0,0
20020813,11.19,11.19,11.19,11.19,0,0
20020814,11.28,11.28,11.28,11.28,0,0
20020815,11.18,11.18,11.18,11.18,0,0
20020816,11.06,11.06,11.06,11.06,0,0
20020819,11.1,11.1,11.1,11.1,0,0
20020820,11.22,11.22,11.22,11.22,0,0
20020821,11.22,11.22,11.22,11.22,0,0
20020822,11.13,11.13,11.13,11.13,0,0
20020823,11.21,11.21,11.21,11.21,0,0
20020826,11.24,11.24,11.24,11.24,0,0
20020827,11.16,11.16,11.16,11.16,0,0
20020828,11.23,11.23,11.23,11.23,0,0
20020829,11.28,11.28,11.28,11.28,0,0
20020830,11.31,11.31,11.31,11.31,54,0
20020903,11.45,11.45,11.45,11.45,0,0
20020904,11.47,11.47,11.47,11.47,0,0
20020905,11.49,11.49,11.49,11.49,0,0
20020906,11.36,11.36,11.36,11.36,0,0
20020909,11.37,11.37,11.37,11.37,0,0
20020910,11.42,11.42,11.42,11.42,0,0
20020911,11.36,11.36,11.36,11.36,0,0
20020912,11.45,11.45,11.45,11.45,0,0
20020913,11.52,11.52,11.52,11.52,0,0
20020916,11.55,11.55,11.55,11.55,0,0
20020917,11.58,11.58,11.58,11.58,0,0
20020918,11.56,11.56,11.56,11.56,0,0
20020919,11.61,11.61,11.61,11.61,0,0
20020920,11.58,11.58,11.58,11.58,0,0
20020923,11.65,11.65,11.65,11.65,0,0
20020924,11.66,11.66,11.66,11.66,0,0
20020925,11.54,11.54,11.54,11.54,0,0
20020926,11.54,11.54,11.54,11.54,0,0
20020927,11.59,11.59,11.59,11.59,0,0
20020930,11.63,11.63,11.63,11.63,52,0
20021001,11.55,11.55,11.55,11.55,0,0
20021002,11.57,11.57,11.57,11.57,0,0
20021003,11.55,11.55,11.55,11.55,0,0
20021004,11.56,11.56,11.56,11.56,0,0
20021007,11.57,11.57,11.57,11.57,0,0
20021008,11.54,11.54,11.54,11.54,0,0
20021009,11.59,11.59,11.59,11.59,0,0
20021010,11.5,11.5,11.5,11.5,0,0
20021011,11.38,11.38,11.38,11.38,0,0
20021014,11.39,11.39,11.39,11.39,0,0
20021015,11.21,11.21,11.21,11.21,0,0
20021016,11.16,11.16,11.16,11.16,0,0
20021017,11.07,11.07,11.07,11.07,0,0
20021018,11.07,11.07,11.07,11.07,0,0
20021021,11.02,11.02,11.02,11.02,0,0
20021022,10.99,10.99,10.99,10.99,0,0
20021023,10.99,10.99,10.99,10.99,0,0
20021024,11.06,11.06,11.06,11.06,0,0
20021025,11.11,11.11,11.11,11.11,0,0
20021028,11.11,11.11,11.11,11.11,0,0
20021029,11.24,11.24,11.24,11.24,0,0
20021030,11.22,11.22,11.22,11.22,0,0
20021031,11.27,11.27,11.27,11.27,53,0
20021101,11.24,11.24,11.24,11.24,0,0
20021104,11.2,11.2,11.2,11.2,0,0
20021105,11.18,11.18,11.18,11.18,0,0
20021106,11.24,11.24,11.24,11.24,0,0
20021107,11.44,11.44,11.44,11.44,0,0
20021108,11.53,11.53,11.53,11.53,0,0
20021111,11.53,11.53,11.53,11.53,0,0
20021112,11.52,11.52,11.52,11.52,0,0
20021113,11.54,11.54,11.54,11.54,0,0
20021114,11.37,11.37,11.37,11.37,0,0
20021115,11.38,11.38,11.38,11.38,0,0
20021118,11.43,11.43,11.43,11.43,0,0
20021119,11.49,11.49,11.49,11.49,0,0
20021120,11.39,11.39,11.39,11.39,0,0
20021121,11.32,11.32,11.32,11.32,0,0
20021122,11.31,11.31,11.31,11.31,0,0
20021125,11.3,11.3,11.3,11.3,0,0
20021126,11.4,11.4,11.4,11.4,0,0
20021127,11.22,11.22,11.22,11.22,0,0
20021129,11.22,11.22,11.22,11.22,32,0
20021202,11.28,11.28,11.28,11.28,0,0
20021203,11.27,11.27,11.27,11.27,0,0
20021204,11.32,11.32,11.32,11.32,0,0
20021205,11.37,11.37,11.37,11.37,0,0
20021206,11.37,11.37,11.37,11.37,0,0
20021209,11.42,11.42,11.42,11.42,0,0
20021210,11.45,11.45,11.45,11.45,0,0
20021211,11.51,11.51,11.51,11.51,0,0
20021212,11.5,11.5,11.5,11.5,0,0
20021213,11.43,11.43,11.43,11.43,0,0
20021216,11.35,11.35,11.35,11.35,0,0
20021217,11.36,11.36,11.36,11.36,0,0
20021218,11.42,11.42,11.42,11.42,0,0
20021219,11.52,11.52,11.52,11.52,0,0
20021220,11.53,11.53,11.53,11.53,0,0
20021223,11.51,11.51,11.51,11.51,0,0
20021224,11.56,11.56,11.56,11.56,0,0
20021226,11.57,11.57,11.57,11.57,0,0
20021227,11.67,11.67,11.67,11.67,0,0
20021230,11.7,11.7,11.7,11.7,0,0
20021231,11.67,11.67,11.67,11.67,54,0
20030102,11.45,11.45,11.45,11.45,0,0
20030103,11.45,11.45,11.45,11.45,0,0
20030106,11.44,11.44,11.44,11.44,0,0
20030107,11.48,11.48,11.48,11.48,0,0
20030108,11.54,11.54,11.54,11.54,0,0
20030109,11.36,11.36,11.36,11.36,0,0
20030110,11.38,11.38,11.38,11.38,0,0
20030113,11.42,11.42,11.42,11.42,0,0
20030114,11.45,11.45,11.45,11.45,0,0
20030115,11.48,11.48,11.48,11.48,0,0
20030116,11.48,11.48,11.48,11.48,0,0
20030117,11.53,11.53,11.53,11.53,0,0
20030121,11.55,11.55,11.55,11.55,0,0
20030122,11.6,11.6,11.6,11.6,0,0
20030123,11.56,11.56,11.56,11.56,0,0
20030124,11.63,11.63,11.63,11.63,0,0
20030127,11.58,11.58,11.58,11.58,0,0
20030128,11.57,11.57,11.57,11.57,0,0
20030129,11.51,11.51,11.51,11.51,0,0
20030130,11.57,11.57,11.57,11.57,0,0
20030131,11.6,11.6,11.6,11.6,32,0
20030203,11.61,11.61,11.61,11.61,0,0
20030204,11.66,11.66,11.66,11.66,0,0
20030205,11.58,11.58,11.58,11.58,0,0
20030206,11.65,11.65,11.65,11.65,0,0
20030207,11.68,11.68,11.68,11.68,0,0
20030210,11.61,11.61,11.61,11.61,0,0
20030211,11.62,11.62,11.62,11.62,0,0
20030212,11.64,11.64,11.64,11.64,0,0
20030213,11.69,11.69,11.69,11.69,0,0
20030214,11.59,11.59,11.59,11.59,0,0
20030218,11.62,11.62,11.62,11.62,0,0
20030219,11.69,11.69,11.69,11.69,0,0
20030220,11.72,11.72,11.72,11.72,0,0
20030221,11.66,11.66,11.66,11.66,0,0
20030224,11.72,11.72,11.72,11.72,0,0
20030225,11.76,11.76,11.76,11.76,0,0
20030226,11.8,11.8,11.8,11.8,0,0
20030227,11.83,11.83,11.83,11.83,0,0
20030228,11.9,11.9,11.9,11.9,28,0
20030303,11.92,11.92,11.92,11.92,0,0
20030304,11.94,11.94,11.94,11.94,0,0
20030305,11.96,11.96,11.96,11.96,0,0
20030306,11.92,11.92,11.92,11.92,0,0
20030307,11.94,11.94,11.94,11.94,0,0
20030310,11.98,11.98,11.98,11.98,0,0
20030311,11.97,11.97,11.97,11.97,0,0
20030312,11.99,11.99,11.99,11.99,0,0
20030313,11.84,11.84,11.84,11.84,0,0
20030314,11.86,11.86,11.86,11.86,0,0
20030317,11.75,11.75,11.75,11.75,0,0
20030318,11.67,11.67,11.67,11.67,0,0
20030319,11.61,11.61,11.61,11.61,0,0
20030320,11.54,11.54,11.54,11.54,0,0
20030321,11.45,11.45,11.45,11.45,0,0
20030324,11.58,11.58,11.58,11.58,0,0
20030325,11.58,11.58,11.58,11.58,0,0
20030326,11.6,11.6,11.6,11.6,0,0
20030327,11.61,11.61,11.61,11.61,0,0
20030328,11.64,11.64,11.64,11.64,0,0
20030331,11.73,11.73,11.73,11.73,53,0
20030401,11.73,11.73,11.73,11.73,0,0
20030402,11.64,11.64,11.64,11.64,0,0
20030403,11.65,11.65,11.65,11.65,0,0
20030404,11.62,11.62,11.62,11.62,0,0
20030407,11.58,11.58,11.58,11.58,0,0
20030408,11.67,11.67,11.67,11.67,0,0
20030409,11.69,11.69,11.69,11.69,0,0
20030410,11.66,11.66,11.66,11.66,0,0
20030411,11.63,11.63,11.63,11.63,0,0
20030414,11.61,11.61,11.61,11.61,0,0
20030415,11.67,11.67,11.67,11.67,0,0
20030416,11.72,11.72,11.72,11.72,0,0
20030417,11.73,11.73,11.73,11.73,0,0
20030421,11.72,11.72,11.72,11.72,0,0
20030422,11.72,11.72,11.72,11.72,0,0
20030423,11.75,11.75,11.75,11.75,0,0
20030424,11.86,11.86,11.86,11.86,0,0
20030425,11.87,11.87,11.87,11.87,0,0
20030428,11.87,11.87,11.87,11.87,0,0
20030429,11.84,11.84,11.84,11.84,0,0
20030430,11.93,11.93,11.93,11.93,51,0
20030501,11.93,11.93,11.93,11.93,0,0
20030502,11.89,11.89,11.89,11.89,0,0
20030505,11.92,11.92,11.92,11.92,0,0
20030506,12.01,12.01,12.01,12.01,0,0
20030507,12.11,12.11,12.11,12.11,0,0
20030508,12.15,12.15,12.15,12.15,0,0
20030509,12.15,12.15,12.15,12.15,0,0
20030512,12.2,12.2,12.2,12.2,0,0
20030513,12.22,12.22,12.22,12.22,0,0
20030514,12.36,12.36,12.36,12.36,0,0
20030515,12.34,12.34,12.34,12.34,0,0
20030516,12.41,12.41,12.41,12.41,0,0
20030519,12.39,12.39,12.39,12.39,0,0
20030520,12.51,12.51,12.51,12.51,0,0
20030521,12.52,12.52,12.52,12.52,0,0
20030522,12.59,12.59,12.59,12.59,0,0
20030523,12.62,12.62,12.62,12.62,0,0
20030527,12.49,12.49,12.49,12.49,0,0
20030528,12.44,12.44,12.44,12.44,0,0
20030529,12.53,12.53,12.53,12.53,0,0
20030530,12.52,12.52,12.52,12.52,53,0
20030602,12.43,12.43,12.43,12.43,0,0
20030603,12.53,12.53,12.53,12.53,0,0
20030604,12.56,12.56,12.56,12.56,0,0
20030605,12.51,12.51,12.51,12.51,0,0
20030606,12.52,12.52,12.52,12.52,0,0
20030609,12.6,12.6,12.6,12.6,0,0
20030610,12.71,12.71,12.71,12.71,0,0
20030611,12.72,12.72,12.72,12.72,0,0
20030612,12.76,12.76,12.76,12.76,0,0
20030613,12.84,12.84,12.84,12.84,0,0
20030616,12.77,12.77,12.77,12.77,0,0
20030617,12.66,12.66,12.66,12.66,0,0
20030618,12.54,12.54,12.54,12.54,0,0
20030619,12.51,12.51,12.51,12.51,0,0
20030620,12.45,12.45,12.45,12.45,0,0
20030623,12.54,12.54,12.54,12.54,0,0
20030624,12.6,12.6,12.6,12.6,0,0
20030625,12.48,12.48,12.48,12.48,0,0
20030626,12.3,12.3,12.3,12.3,0,0
20030627,12.24,12.24,12.24,12.24,0,0
20030630,12.29,12.29,12.29,12.29,51,0
20030701,12.25,12.25,12.25,12.25,0,0
20030702,12.26,12.26,12.26,12.26,0,0
20030703,12.13,12.13,12.13,12.13,0,0
20030707,12.07,12.07,12.07,12.07,0,0
20030708,12.06,12.06,12.06,12.06,0,0
20030709,12.07,12.07,12.07,12.07,0,0
20030710,12.09,12.09,12.09,12.09,0,0
20030711,12.13,12.13,12.13,12.13,0,0
20030714,12.02,12.02,12.02,12.02,0,0
20030715,11.81,11.81,11.81,11.81,0,0
20030716,11.82,11.82,11.82,11.82,0,0
20030717,11.81,11.81,11.81,11.81,0,0
20030718,11.8,11.8,11.8,11.8,0,0
20030721,11.58,11.58,11.58,11.58,0,0
20030722,11.62,11.62,11.62,11.62,0,0
20030723,11.65,11.65,11.65,11.65,0,0
20030724,11.59,11.59,11.59,11.59,0,0
20030725,11.56,11.56,11.56,11.56,0,0
20030728,11.43,11.43,11.43,11.43,0,0
20030729,11.31,11.31,11.31,11.31,0,0
20030730,11.38,11.38,11.38,11.38,0,0
20030731,11.17,11.17,11.17,11.17,53,0
20030801,11.2,11.2,11.2,11.2,0,0
20030804,11.25,11.25,11.25,11.25,0,0
20030805,11.14,11.14,11.14,11.14,0,0
20030806,11.32,11.32,11.32,11.32,0,0
20030807,11.36,11.36,11.36,11.36,0,0
20030808,11.35,11.35,11.35,11.35,0,0
20030811,11.29,11.29,11.29,11.29,0,0
20030812,11.29,11.29,11.29,11.29,0,0
20030813,11.08,11.08,11.08,11.08,0,0
20030814,11.08,11.08,11.08,11.08,0,0
20030815,11.12,11.12,11.12,11.12,0,0
20030818,11.16,11.16,11.16,11.16,0,0
20030819,11.3,11.3,11.3,11.3,0,0
20030820,11.25,11.25,11.25,11.25,0,0
20030821,11.21,11.21,11.21,11.21,0,0
20030822,11.28,11.28,11.28,11.28,0,0
20030825,11.21,11.21,11.21,11.21,0,0
20030826,11.26,11.26,11.26,11.26,0,0
20030827,11.21,11.21,11.21,11.21,0,0
20030828,11.32,11.32,11.32,11.32,0,0
20030829,11.31,11.31,11.31,11.31,53,0
20030902,11.16,11.16,11.16,11.16,0,0
20030903,11.16,11.16,11.16,11.16,0,0
20030904,11.22,11.22,11.22,11.22,0,0
20030905,11.39,11.39,11.39,11.39,0,0
20030908,11.35,11.35,11.35,11.35,0,0
20030909,11.37,11.37,11.37,11.37,0,0
20030910,11.47,11.47,11.47,11.47,0,0
20030911,11.4,11.4,11.4,11.4,0,0
20030912,11.47,11.47,11.47,11.47,0,0
20030915,11.48,11.48,11.48,11.48,0,0
20030916,11.42,11.42,11.42,11.42,0,0
20030917,11.55,11.55,11.55,11.55,0,0
20030918,11.57,11.57,11.57,11.57,0,0
20030919,11.62,11.62,11.62,11.62,0,0
20030922,11.52,11.52,11.52,11.52,0,0
20030923,11.56,11.56,11.56,11.56,0,0
20030924,11.66,11.66,11.66,11.66,0,0
20030925,11.69,11.69,11.69,11.69,0,0
20030926,11.77,11.77,11.77,11.77,0,0
20030929,11.71,11.71,11.71,11.71,0,0
20030930,11.87,11.87,11.87,11.87,52,0
20031001,11.86,11.86,11.86,11.86,0,0
20031002,11.79,11.79,11.79,11.79,0,0
20031003,11.58,11.58,11.58,11.58,0,0
20031006,11.63,11.63,11.63,11.63,0,0
20031007,11.52,11.52,11.52,11.52,0,0
20031008,11.5,11.5,11.5,11.5,0,0
20031009,11.44,11.44,11.44,11.44,0,0
20031010,11.5,11.5,11.5,11.5,0,0
20031013,11.5,11.5,11.5,11.5,0,0
20031014,11.4,11.4,11.4,11.4,0,0
20031015,11.36,11.36,11.36,11.36,0,0
20031016,11.33,11.33,11.33,11.33,0,0
20031017,11.4,11.4,11.4,11.4,0,0
20031020,11.43,11.43,11.43,11.43,0,0
20031021,11.44,11.44,11.44,11.44,0,0
20031022,11.53,11.53,11.53,11.53,0,0
20031023,11.48,11.48,11.48,11.48,0,0
20031024,11.59,11.59,11.59,11.59,0,0
20031027,11.55,11.55,11.55,11.55,0,0
20031028,11.62,11.62,11.62,11.62,0,0
20031029,11.54,11.54,11.54,11.54,0,0
20031030,11.48,11.48,11.48,11.48,0,0
20031031,11.54,11.54,11.54,11.54,53,0
20031103,11.48,11.48,11.48,11.48,0,0
20031104,11.55,11.55,11.55,11.55,0,0
20031105,11.49,11.49,11.49,11.49,0,0
20031106,11.41,11.41,11.41,11.41,0,0
20031107,11.38,11.38,11.38,11.38,0,0
20031110,11.36,11.36,11.36,11.36,0,0
20031111,11.36,11.36,11.36,11.36,0,0
20031112,11.44,11.44,11.44,11.44,0,0
20031113,11.6,11.6,11.6,11.6,0,0
20031114,11.66,11.66,11.66,11.66,0,0
20031117,11.7,11.7,11.7,11.7,0,0
20031118,11.73,11.73,11.73,11.73,0,0
20031119,11.65,11.65,11.65,11.65,0,0
20031120,11.73,11.73,11.73,11.73,0,0
20031121,11.74,11.74,11.74,11.74,0,0
20031124,11.65,11.65,11.65,11.65,0,0
20031125,11.7,11.7,11.7,11.7,0,0
20031126,11.65,11.65,11.65,11.65,0,0
20031128,11.56,11.56,11.56,11.56,49,0
20031201,11.51,11.51,11.51,11.51,0,0
20031202,11.53,11.53,11.53,11.53,0,0
20031203,11.49,11.49,11.49,11.49,0,0
20031204,11.54,11.54,11.54,11.54,0,0
20031205,11.7,11.7,11.7,11.7,0,0
20031208,11.61,11.61,11.61,11.61,0,0
20031209,11.55,11.55,11.55,11.55,0,0
20031210,11.57,11.57,11.57,11.57,0,0
20031211,11.64,11.64,11.64,11.64,0,0
20031212,11.65,11.65,11.65,11.65,0,0
20031215,11.63,11.63,11.63,11.63,0,0
20031216,11.67,11.67,11.67,11.67,0,0
20031217,11.73,11.73,11.73,11.73,0,0
20031218,11.81,11.81,11.81,11.81,0,0
20031219,11.82,11.82,11.82,11.82,0,0
20031222,11.78,11.78,11.78,11.78,0,0
20031223,11.69,11.69,11.69,11.69,0,0
20031224,11.76,11.76,11.76,11.76,0,0
20031226,11.8,11.8,11.8,11.8,0,0
20031229,11.72,11.72,11.72,11.72,0,0
20031230,11.66,11.66,11.66,11.66,0,0
20031231,11.5,11.5,11.5,11.5,54,174
20040102,11.38,11.38,11.38,11.38,0,0
20040105,11.38,11.38,11.38,11.38,0,0
20040106,11.48,11.48,11.48,11.48,0,0
20040107,11.52,11.52,11.52,11.52,0,0
20040108,11.53,11.53,11.53,11.53,0,0
20040109,11.68,11.68,11.68,11.68,0,0
20040112,11.68,11.68,11.68,11.68,0,0
20040113,11.73,11.73,11.73,11.73,0,0
20040114,11.8,11.8,11.8,11.8,0,0
20040115,11.82,11.82,11.82,11.82,0,0
20040116,11.79,11.79,11.79,11.79,0,0
20040120,11.74,11.74,11.74,11.74,0,0
20040121,11.75,11.75,11.75,11.75,0,0
20040122,11.83,11.83,11.83,11.83,0,0
20040123,11.73,11.73,11.73,11.73,0,0
20040126,11.64,11.64,11.64,11.64,0,0
20040127,11.7,11.7,11.7,11.7,0,0
20040128,11.61,11.61,11.61,11.61,0,0
20040129,11.59,11.59,11.59,11.59,0,0
20040130,11.65,11.65,11.65,11.65,52,0
20040202,11.62,11.62,11.62,11.62,0,0
20040203,11.66,11.66,11.66,11.66,0,0
20040204,11.65,11.65,11.65,11.65,0,0
20040205,11.61,11.61,11.61,11.61,0,0
20040206,11.69,11.69,11.69,11.69,0,0
20040209,11.73,11.73,11.73,11.73,0,0
20040210,11.69,11.69,11.69,11.69,0,0
20040211,11.76,11.76,11.76,11.76,0,0
20040212,11.71,11.71,11.71,11.71,0,0
20040213,11.74,11.74,11.74,11.74,0,0
20040217,11.75,11.75,11.75,11.75,0,0
20040218,11.75,11.75,11.75,11.75,0,0
20040219,11.75,11.75,11.75,11.75,0,0
20040220,11.69,11.69,11.69,11.69,0,0
20040223,11.74,11.74,11.74,11.74,0,0
20040224,11.76,11.76,11.76,11.76,0,0
20040225,11.77,11.77,11.77,11.77,0,0
20040226,11.73,11.73,11.73,11.73,0,0
20040227,11.82,11.82,11.82,11.82,49,0
20040301,11.81,11.81,11.81,11.81,0,0
20040302,11.75,11.75,11.75,11.75,0,0
20040303,11.74,11.74,11.74,11.74,0,0
20040304,11.77,11.77,11.77,11.77,0,0
20040305,11.97,11.97,11.97,11.97,0,0
20040308,12.03,12.03,12.03,12.03,0,0
20040309,12.09,12.09,12.09,12.09,0,0
20040310,12.08,12.08,12.08,12.08,0,0
20040311,12.06,12.06,12.06,12.06,0,0
20040312,12.03,12.03,12.03,12.03,0,0
20040315,12.02,12.02,12.02,12.02,0,0
20040316,12.11,12.11,12.11,12.11,0,0
20040317,12.13,12.13,12.13,12.13,0,0
20040318,12.05,12.05,12.05,12.05,0,0
20040319,12.02,12.02,12.02,12.02,0,0
20040322,12.08,12.08,12.08,12.08,0,0
20040323,12.09,12.09,12.09,12.09,0,0
20040324,12.09,12.09,12.09,12.09,0,0
20040325,12.05,12.05,12.05,12.05,0,0
20040326,11.94,11.94,11.94,11.94,0,0
20040329,11.88,11.88,11.88,11.88,0,0
20040330,11.87,11.87,11.87,11.87,0,0
20040331,11.93,11.93,11.93,11.93,53,0
20040401,11.87,11.87,11.87,11.87,0,0
20040402,11.64,11.64,11.64,11.64,0,0
20040405,11.55,11.55,11.55,11.55,0,0
20040406,11.59,11.59,11.59,11.59,0,0
20040407,11.6,11.6,11.6,11.6,0,0
20040408,11.56,11.56,11.56,11.56,0,0
20040412,11.53,11.53,11.53,11.53,0,0
20040413,11.43,11.43,11.43,11.43,0,0
20040414,11.38,11.38,11.38,11.38,0,0
20040415,11.34,11.34,11.34,11.34,0,0
20040416,11.39,11.39,11.39,11.39,0,0
20040419,11.36,11.36,11.36,11.36,0,0
20040420,11.36,11.36,11.36,11.36,0,0
20040421,11.31,11.31,11.31,11.31,0,0
20040422,11.37,11.37,11.37,11.37,0,0
20040423,11.29,11.29,11.29,11.29,0,0
20040426,11.32,11.32,11.32,11.32,0,0
20040427,11.34,11.34,11.34,11.34,0,0
20040428,11.27,11.27,11.27,11.27,0,0
20040429,11.19,11.19,11.19,11.19,0,0
20040430,11.23,11.23,11.23,11.23,50,0
20040503,11.24,11.24,11.24,11.24,0,0
20040504,11.18,11.18,11.18,11.18,0,0
20040505,11.15,11.15,11.15,11.15,0,0
20040506,11.1,11.1,11.1,11.1,0,0
20040507,10.96,10.96,10.96,10.96,0,0
20040510,10.93,10.93,10.93,10.93,0,0
20040511,10.94,10.94,10.94,10.94,0,0
20040512,10.91,10.91,10.91,10.91,0,0
20040513,10.85,10.85,10.85,10.85,0,0
20040514,10.92,10.92,10.92,10.92,0,0
20040517,11,11,11,11,0,0
20040518,10.98,10.98,10.98,10.98,0,0
20040519,10.93,10.93,10.93,10.93,0,0
20040520,11,11,11,11,0,0
20040521,10.97,10.97,10.97,10.97,0,0
20040524,11,11,11,11,0,0
20040525,11.02,11.02,11.02,11.02,0,0
20040526,11.07,11.07,11.07,11.07,0,0
20040527,11.15,11.15,11.15,11.15,0,0
20040528,11.1,11.1,11.1,11.1,52,0
20040601,11.04,11.04,11.04,11.04,0,0
20040602,11.01,11.01,11.01,11.01,0,0
20040603,11.02,11.02,11.02,11.02,0,0
20040604,10.96,10.96,10.96,10.96,0,0
20040607,10.97,10.97,10.97,10.97,0,0
20040608,10.98,10.98,10.98,10.98,0,0
20040609,10.94,10.94,10.94,10.94,0,0
20040610,10.96,10.96,10.96,10.96,0,0
20040614,10.88,10.88,10.88,10.88,0,0
20040615,11.07,11.07,11.07,11.07,0,0
20040616,11.03,11.03,11.03,11.03,0,0
20040617,11.08,11.08,11.08,11.08,0,0
20040618,11.06,11.06,11.06,11.06,0,0
20040621,11.07,11.07,11.07,11.07,0,0
20040622,11.05,11.05,11.05,11.05,0,0
20040623,11.06,11.06,11.06,11.06,0,0
20040624,11.12,11.12,11.12,11.12,0,0
20040625,11.12,11.12,11.12,11.12,0,0
20040628,11.02,11.02,11.02,11.02,0,0
20040629,11.07,11.07,11.07,11.07,0,0
20040630,11.15,11.15,11.15,11.15,51,0
20040701,11.18,11.18,11.18,11.18,0,0
20040702,11.29,11.29,11.29,11.29,0,0
20040706,11.27,11.27,11.27,11.27,0,0
20040707,11.27,11.27,11.27,11.27,0,0
20040708,11.27,11.27,11.27,11.27,0,0
20040709,11.28,11.28,11.28,11.28,0,0
20040712,11.3,11.3,11.3,11.3,0,0
20040713,11.27,11.27,11.27,11.27,0,0
20040714,11.27,11.27,11.27,11.27,0,0
20040715,11.27,11.27,11.27,11.27,0,0
20040716,11.4,11.4,11.4,11.4,0,0
20040719,11.41,11.41,11.41,11.41,0,0
20040720,11.31,11.31,11.31,11.31,0,0
20040721,11.28,11.28,11.28,11.28,0,0
20040722,11.3,11.3,11.3,11.3,0,0
20040723,11.33,11.33,11.33,11.33,0,0
20040726,11.3,11.3,11.3,11.3,0,0
20040727,11.16,11.16,11.16,11.16,0,0
20040728,11.16,11.16,11.16,11.16,0,0
20040729,11.17,11.17,11.17,11.17,0,0
20040730,11.29,11.29,11.29,11.29,0,0
20040802,11.31,11.31,11.31,11.31,0,0
20040803,11.34,11.34,11.34,11.34,0,0
20040804,11.34,11.34,11.34,11.34,0,0
20040805,11.36,11.36,11.36,11.36,0,0
20040806,11.52,11.52,11.52,11.52,0,0
20040809,11.51,11.51,11.51,11.51,0,0
20040810,11.48,11.48,11.48,11.48,0,0
20040811,11.48,11.48,11.48,11.48,0,0
