<?xml version="1.0" standalone="yes"?>
<dsCustOrder xmlns="http://www.tempuri.org/dsCustOrder.xsd">
  <Customers>
    <CustomerID>GREAL</CustomerID>
    <CompanyName>Great Lakes Food Market</CompanyName>
  </Customers>
  <Customers>
    <CustomerID>HUNGC</CustomerID>
    <CompanyName>Hungry Coyote Import Store</CompanyName>
  </Customers>
  <Customers>
    <CustomerID>LAZYK</CustomerID>
    <CompanyName>Lazy K Kountry Store</CompanyName>
  </Customers>
  <Customers>
    <CustomerID>LETSS</CustomerID>
    <CompanyName>Let's Stop N Shop</CompanyName>
  </Customers>
  <Customers>
    <CustomerID>LONEP</CustomerID>
    <CompanyName>Lonesome Pine Restaurant</CompanyName>
  </Customers>
  <Customers>
    <CustomerID>OLDWO</CustomerID>
    <CompanyName>Old World Delicatessen</CompanyName>
  </Customers>
  <Customers>
    <CustomerID>RATTC</CustomerID>
    <CompanyName>Rattlesnake Canyon Grocery</CompanyName>
  </Customers>
  <Customers>
    <CustomerID>SAVEA</CustomerID>
    <CompanyName>Save-a-lot Markets</CompanyName>
  </Customers>
  <Customers>
    <CustomerID>SPLIR</CustomerID>
    <CompanyName>Split Rail Beer &amp; Ale</CompanyName>
  </Customers>
  <Customers>
    <CustomerID>THEBI</CustomerID>
    <CompanyName>The Big Cheese</CompanyName>
  </Customers>
  <Customers>
    <CustomerID>THECR</CustomerID>
    <CompanyName>The Cracker Box</CompanyName>
  </Customers>
  <Customers>
    <CustomerID>TRAIH</CustomerID>
    <CompanyName>Trail's Head Gourmet Provisioners</CompanyName>
  </Customers>
  <Customers>
    <CustomerID>WHITC</CustomerID>
    <CompanyName>White Clover Markets</CompanyName>
  </Customers>
  <Orders>
    <OrderID>10262</OrderID>
    <CustomerID>RATTC</CustomerID>
    <OrderDate>2000-07-22</OrderDate>
    <ShipName>Rattlesnake Canyon Grocery</ShipName>
    <ShipAddress>2817 Milton Dr.</ShipAddress>
    <ShipCity>Albuquerque</ShipCity>
    <ShipRegion>NM</ShipRegion>
    <ShipPostalCode>87110</ShipPostalCode>
  </Orders>
  <Orders>
    <OrderID>10269</OrderID>
    <CustomerID>WHITC</CustomerID>
    <OrderDate>2000-07-31</OrderDate>
    <ShipName>White Clover Markets</ShipName>
    <ShipAddress>1029 - 12th Ave. S.</ShipAddress>
    <ShipCity>Seattle</ShipCity>
    <ShipRegion>WA</ShipRegion>
    <ShipPostalCode>98124</ShipPostalCode>
  </Orders>
  <Orders>
    <OrderID>10271</OrderID>
    <CustomerID>SPLIR</CustomerID>
    <OrderDate>2000-08-01</OrderDate>
    <ShipName>Split Rail Beer &amp; Ale</ShipName>
    <ShipAddress>P.O. Box 555</ShipAddress>
    <ShipCity>Lander</ShipCity>
    <ShipRegion>WY</ShipRegion>
    <ShipPostalCode>82520</ShipPostalCode>
  </Orders>
  <Orders>
    <OrderID>10272</OrderID>
    <CustomerID>RATTC</CustomerID>
    <OrderDate>2000-08-02</OrderDate>
    <ShipName>Rattlesnake Canyon Grocery</ShipName>
    <ShipAddress>2817 Milton Dr.</ShipAddress>
    <ShipCity>Albuquerque</ShipCity>
    <ShipRegion>NM</ShipRegion>
    <ShipPostalCode>87110</ShipPostalCode>
  </Orders>
  <Orders>
    <OrderID>10294</OrderID>
    <CustomerID>RATTC</CustomerID>
    <OrderDate>2000-08-30</OrderDate>
    <ShipName>Rattlesnake Canyon Grocery</ShipName>
    <ShipAddress>2817 Milton Dr.</ShipAddress>
    <ShipCity>Albuquerque</ShipCity>
    <ShipRegion>NM</ShipRegion>
    <ShipPostalCode>87110</ShipPostalCode>
  </Orders>
  <Orders>
    <OrderID>10305</OrderID>
    <CustomerID>OLDWO</CustomerID>
    <OrderDate>2000-09-13</OrderDate>
    <ShipName>Old World Delicatessen</ShipName>
    <ShipAddress>2743 Bering St.</ShipAddress>
    <ShipCity>Anchorage</ShipCity>
    <ShipRegion>AK</ShipRegion>
    <ShipPostalCode>99508</ShipPostalCode>
  </Orders>
  <Orders>
    <OrderID>10307</OrderID>
    <CustomerID>LONEP</CustomerID>
    <OrderDate>2000-09-17</OrderDate>
    <ShipName>Lonesome Pine Restaurant</ShipName>
    <ShipAddress>89 Chiaroscuro Rd.</ShipAddress>
    <ShipCity>Portland</ShipCity>
    <ShipRegion>OR</ShipRegion>
    <ShipPostalCode>97219</ShipPostalCode>
  </Orders>
  <Orders>
    <OrderID>10310</OrderID>
    <CustomerID>THEBI</CustomerID>
    <OrderDate>2000-09-20</OrderDate>
    <ShipName>The Big Cheese</ShipName>
    <ShipAddress>89 Jefferson Way Suite 2</ShipAddress>
    <ShipCity>Portland</ShipCity>
    <ShipRegion>OR</ShipRegion>
    <ShipPostalCode>97201</ShipPostalCode>
  </Orders>
  <Orders>
    <OrderID>10314</OrderID>
    <CustomerID>RATTC</CustomerID>
    <OrderDate>2000-09-25</OrderDate>
    <ShipName>Rattlesnake Canyon Grocery</ShipName>
    <ShipAddress>2817 Milton Dr.</ShipAddress>
    <ShipCity>Albuquerque</ShipCity>
    <ShipRegion>NM</ShipRegion>
    <ShipPostalCode>87110</ShipPostalCode>
  </Orders>
  <Orders>
    <OrderID>10316</OrderID>
    <CustomerID>RATTC</CustomerID>
    <OrderDate>2000-09-27</OrderDate>
    <ShipName>Rattlesnake Canyon Grocery</ShipName>
    <ShipAddress>2817 Milton Dr.</ShipAddress>
    <ShipCity>Albuquerque</ShipCity>
    <ShipRegion>NM</ShipRegion>
    <ShipPostalCode>87110</ShipPostalCode>
  </Orders>
  <Orders>
    <OrderID>10317</OrderID>
    <CustomerID>LONEP</CustomerID>
    <OrderDate>2000-09-30</OrderDate>
    <ShipName>Lonesome Pine Restaurant</ShipName>
    <ShipAddress>89 Chiaroscuro Rd.</ShipAddress>
    <ShipCity>Portland</ShipCity>
    <ShipRegion>OR</ShipRegion>
    <ShipPostalCode>97219</ShipPostalCode>
  </Orders>
  <Orders>
    <OrderID>10324</OrderID>
    <CustomerID>SAVEA</CustomerID>
    <OrderDate>2000-10-08</OrderDate>
    <ShipName>Save-a-lot Markets</ShipName>
    <ShipAddress>187 Suffolk Ln.</ShipAddress>
    <ShipCity>Boise</ShipCity>
    <ShipRegion>ID</ShipRegion>
    <ShipPostalCode>83720</ShipPostalCode>
  </Orders>
  <Orders>
    <OrderID>10329</OrderID>
    <CustomerID>SPLIR</CustomerID>
    <OrderDate>2000-10-15</OrderDate>
    <ShipName>Split Rail Beer &amp; Ale</ShipName>
    <ShipAddress>P.O. Box 555</ShipAddress>
    <ShipCity>Lander</ShipCity>
    <ShipRegion>WY</ShipRegion>
    <ShipPostalCode>82520</ShipPostalCode>
  </Orders>
  <Orders>
    <OrderID>10338</OrderID>
    <CustomerID>OLDWO</CustomerID>
    <OrderDate>2000-10-25</OrderDate>
    <ShipName>Old World Delicatessen</ShipName>
    <ShipAddress>2743 Bering St.</ShipAddress>
    <ShipCity>Anchorage</ShipCity>
    <ShipRegion>AK</ShipRegion>
    <ShipPostalCode>99508</ShipPostalCode>
  </Orders>
  <Orders>
    <OrderID>10344</OrderID>
    <CustomerID>WHITC</CustomerID>
    <OrderDate>2000-11-01</OrderDate>
    <ShipName>White Clover Markets</ShipName>
    <ShipAddress>1029 - 12th Ave. S.</ShipAddress>
    <ShipCity>Seattle</ShipCity>
    <ShipRegion>WA</ShipRegion>
    <ShipPostalCode>98124</ShipPostalCode>
  </Orders>
  <Orders>
    <OrderID>10346</OrderID>
    <CustomerID>RATTC</CustomerID>
    <OrderDate>2000-11-05</OrderDate>
    <ShipName>Rattlesnake Canyon Grocery</ShipName>
    <ShipAddress>2817 Milton Dr.</ShipAddress>
    <ShipCity>Albuquerque</ShipCity>
    <ShipRegion>NM</ShipRegion>
    <ShipPostalCode>87110</ShipPostalCode>
  </Orders>
  <Orders>
    <OrderID>10349</OrderID>
    <CustomerID>SPLIR</CustomerID>
    <OrderDate>2000-11-08</OrderDate>
    <ShipName>Split Rail Beer &amp; Ale</ShipName>
    <ShipAddress>P.O. Box 555</ShipAddress>
    <ShipCity>Lander</ShipCity>
    <ShipRegion>WY</ShipRegion>
    <ShipPostalCode>82520</ShipPostalCode>
  </Orders>
  <Orders>
    <OrderID>10369</OrderID>
    <CustomerID>SPLIR</CustomerID>
    <OrderDate>2000-12-02</OrderDate>
    <ShipName>Split Rail Beer &amp; Ale</ShipName>
    <ShipAddress>P.O. Box 555</ShipAddress>
    <ShipCity>Lander</ShipCity>
    <ShipRegion>WY</ShipRegion>
    <ShipPostalCode>82520</ShipPostalCode>
  </Orders>
  <Orders>
    <OrderID>10375</OrderID>
    <CustomerID>HUNGC</CustomerID>
    <OrderDate>2000-12-06</OrderDate>
    <ShipName>Hungry Coyote Import Store</ShipName>
    <ShipAddress>City Center Plaza 516 Main St.</ShipAddress>
    <ShipCity>Elgin</ShipCity>
    <ShipRegion>OR</ShipRegion>
    <ShipPostalCode>97827</ShipPostalCode>
  </Orders>
  <Orders>
    <OrderID>10385</OrderID>
    <CustomerID>SPLIR</CustomerID>
    <OrderDate>2000-12-17</OrderDate>
    <ShipName>Split Rail Beer &amp; Ale</ShipName>
    <ShipAddress>P.O. Box 555</ShipAddress>
    <ShipCity>Lander</ShipCity>
    <ShipRegion>WY</ShipRegion>
    <ShipPostalCode>82520</ShipPostalCode>
  </Orders>
  <Orders>
    <OrderID>10393</OrderID>
    <CustomerID>SAVEA</CustomerID>
    <OrderDate>2000-12-25</OrderDate>
    <ShipName>Save-a-lot Markets</ShipName>
    <ShipAddress>187 Suffolk Ln.</ShipAddress>
    <ShipCity>Boise</ShipCity>
    <ShipRegion>ID</ShipRegion>
    <ShipPostalCode>83720</ShipPostalCode>
  </Orders>
  <Orders>
    <OrderID>10394</OrderID>
    <CustomerID>HUNGC</CustomerID>
    <OrderDate>2000-12-25</OrderDate>
    <ShipName>Hungry Coyote Import Store</ShipName>
    <ShipAddress>City Center Plaza 516 Main St.</ShipAddress>
    <ShipCity>Elgin</ShipCity>
    <ShipRegion>OR</ShipRegion>
    <ShipPostalCode>97827</ShipPostalCode>
  </Orders>
  <Orders>
    <OrderID>10398</OrderID>
    <CustomerID>SAVEA</CustomerID>
    <OrderDate>2000-12-30</OrderDate>
    <ShipName>Save-a-lot Markets</ShipName>
    <ShipAddress>187 Suffolk Ln.</ShipAddress>
    <ShipCity>Boise</ShipCity>
    <ShipRegion>ID</ShipRegion>
    <ShipPostalCode>83720</ShipPostalCode>
  </Orders>
  <Orders>
    <OrderID>10401</OrderID>
    <CustomerID>RATTC</CustomerID>
    <OrderDate>2001-01-01</OrderDate>
    <ShipName>Rattlesnake Canyon Grocery</ShipName>
    <ShipAddress>2817 Milton Dr.</ShipAddress>
    <ShipCity>Albuquerque</ShipCity>
    <ShipRegion>NM</ShipRegion>
    <ShipPostalCode>87110</ShipPostalCode>
  </Orders>
  <Orders>
    <OrderID>10415</OrderID>
    <CustomerID>HUNGC</CustomerID>
    <OrderDate>2001-01-15</OrderDate>
    <ShipName>Hungry Coyote Import Store</ShipName>
    <ShipAddress>City Center Plaza 516 Main St.</ShipAddress>
    <ShipCity>Elgin</ShipCity>
    <ShipRegion>OR</ShipRegion>
    <ShipPostalCode>97827</ShipPostalCode>
  </Orders>
  <Orders>
    <OrderID>10432</OrderID>
    <CustomerID>SPLIR</CustomerID>
    <OrderDate>2001-01-31</OrderDate>
    <ShipName>Split Rail Beer &amp; Ale</ShipName>
    <ShipAddress>P.O. Box 555</ShipAddress>
    <ShipCity>Lander</ShipCity>
    <ShipRegion>WY</ShipRegion>
    <ShipPostalCode>82520</ShipPostalCode>
  </Orders>
  <Orders>
    <OrderID>10440</OrderID>
    <CustomerID>SAVEA</CustomerID>
    <OrderDate>2001-02-10</OrderDate>
    <ShipName>Save-a-lot Markets</ShipName>
    <ShipAddress>187 Suffolk Ln.</ShipAddress>
    <ShipCity>Boise</ShipCity>
    <ShipRegion>ID</ShipRegion>
    <ShipPostalCode>83720</ShipPostalCode>
  </Orders>
  <Orders>
    <OrderID>10441</OrderID>
    <CustomerID>OLDWO</CustomerID>
    <OrderDate>2001-02-10</OrderDate>
    <ShipName>Old World Delicatessen</ShipName>
    <ShipAddress>2743 Bering St.</ShipAddress>
    <ShipCity>Anchorage</ShipCity>
    <ShipRegion>AK</ShipRegion>
    <ShipPostalCode>99508</ShipPostalCode>
  </Orders>
  <Orders>
    <OrderID>10452</OrderID>
    <CustomerID>SAVEA</CustomerID>
    <OrderDate>2001-02-20</OrderDate>
    <ShipName>Save-a-lot Markets</ShipName>
    <ShipAddress>187 Suffolk Ln.</ShipAddress>
    <ShipCity>Boise</ShipCity>
    <ShipRegion>ID</ShipRegion>
    <ShipPostalCode>83720</ShipPostalCode>
  </Orders>
  <Orders>
    <OrderID>10469</OrderID>
    <CustomerID>WHITC</CustomerID>
    <OrderDate>2001-03-10</OrderDate>
    <ShipName>White Clover Markets</ShipName>
    <ShipAddress>1029 - 12th Ave. S.</ShipAddress>
    <ShipCity>Seattle</ShipCity>
    <ShipRegion>WA</ShipRegion>
    <ShipPostalCode>98124</ShipPostalCode>
  </Orders>
  <Orders>
    <OrderID>10479</OrderID>
    <CustomerID>RATTC</CustomerID>
    <OrderDate>2001-03-19</OrderDate>
    <ShipName>Rattlesnake Canyon Grocery</ShipName>
    <ShipAddress>2817 Milton Dr.</ShipAddress>
    <ShipCity>Albuquerque</ShipCity>
    <ShipRegion>NM</ShipRegion>
    <ShipPostalCode>87110</ShipPostalCode>
  </Orders>
  <Orders>
    <OrderID>10482</OrderID>
    <CustomerID>LAZYK</CustomerID>
    <OrderDate>2001-03-21</OrderDate>
    <ShipName>Lazy K Kountry Store</ShipName>
    <ShipAddress>12 Orchestra Terrace</ShipAddress>
    <ShipCity>Walla Walla</ShipCity>
    <ShipRegion>WA</ShipRegion>
    <ShipPostalCode>99362</ShipPostalCode>
  </Orders>
  <Orders>
    <OrderID>10483</OrderID>
    <CustomerID>WHITC</CustomerID>
    <OrderDate>2001-03-24</OrderDate>
    <ShipName>White Clover Markets</ShipName>
    <ShipAddress>1029 - 12th Ave. S.</ShipAddress>
    <ShipCity>Seattle</ShipCity>
    <ShipRegion>WA</ShipRegion>
    <ShipPostalCode>98124</ShipPostalCode>
  </Orders>
  <Orders>
    <OrderID>10504</OrderID>
    <CustomerID>WHITC</CustomerID>
    <OrderDate>2001-04-11</OrderDate>
    <ShipName>White Clover Markets</ShipName>
    <ShipAddress>1029 - 12th Ave. S.</ShipAddress>
    <ShipCity>Seattle</ShipCity>
    <ShipRegion>WA</ShipRegion>
    <ShipPostalCode>98124</ShipPostalCode>
  </Orders>
  <Orders>
    <OrderID>10510</OrderID>
    <CustomerID>SAVEA</CustomerID>
    <OrderDate>2001-04-18</OrderDate>
    <ShipName>Save-a-lot Markets</ShipName>
    <ShipAddress>187 Suffolk Ln.</ShipAddress>
    <ShipCity>Boise</ShipCity>
    <ShipRegion>ID</ShipRegion>
    <ShipPostalCode>83720</ShipPostalCode>
  </Orders>
  <Orders>
    <OrderID>10528</OrderID>
    <CustomerID>GREAL</CustomerID>
    <OrderDate>2001-05-06</OrderDate>
    <ShipName>Great Lakes Food Market</ShipName>
    <ShipAddress>2732 Baker Blvd.</ShipAddress>
    <ShipCity>Eugene</ShipCity>
    <ShipRegion>OR</ShipRegion>
    <ShipPostalCode>97403</ShipPostalCode>
  </Orders>
  <Orders>
    <OrderID>10544</OrderID>
    <CustomerID>LONEP</CustomerID>
    <OrderDate>2001-05-21</OrderDate>
    <ShipName>Lonesome Pine Restaurant</ShipName>
    <ShipAddress>89 Chiaroscuro Rd.</ShipAddress>
    <ShipCity>Portland</ShipCity>
    <ShipRegion>OR</ShipRegion>
    <ShipPostalCode>97219</ShipPostalCode>
  </Orders>
  <Orders>
    <OrderID>10545</OrderID>
    <CustomerID>LAZYK</CustomerID>
    <OrderDate>2001-05-22</OrderDate>
    <ShipName>Lazy K Kountry Store</ShipName>
    <ShipAddress>12 Orchestra Terrace</ShipAddress>
    <ShipCity>Walla Walla</ShipCity>
    <ShipRegion>WA</ShipRegion>
    <ShipPostalCode>99362</ShipPostalCode>
  </Orders>
  <Orders>
    <OrderID>10555</OrderID>
    <CustomerID>SAVEA</CustomerID>
    <OrderDate>2001-06-02</OrderDate>
    <ShipName>Save-a-lot Markets</ShipName>
    <ShipAddress>187 Suffolk Ln.</ShipAddress>
    <ShipCity>Boise</ShipCity>
    <ShipRegion>ID</ShipRegion>
    <ShipPostalCode>83720</ShipPostalCode>
  </Orders>
  <Orders>
    <OrderID>10564</OrderID>
    <CustomerID>RATTC</CustomerID>
    <OrderDate>2001-06-10</OrderDate>
    <ShipName>Rattlesnake Canyon Grocery</ShipName>
    <ShipAddress>2817 Milton Dr.</ShipAddress>
    <ShipCity>Albuquerque</ShipCity>
    <ShipRegion>NM</ShipRegion>
    <ShipPostalCode>87110</ShipPostalCode>
  </Orders>
  <Orders>
    <OrderID>10569</OrderID>
    <CustomerID>RATTC</CustomerID>
    <OrderDate>2001-06-16</OrderDate>
    <ShipName>Rattlesnake Canyon Grocery</ShipName>
    <ShipAddress>2817 Milton Dr.</ShipAddress>
    <ShipCity>Albuquerque</ShipCity>
    <ShipRegion>NM</ShipRegion>
    <ShipPostalCode>87110</ShipPostalCode>
  </Orders>
  <Orders>
    <OrderID>10574</OrderID>
    <CustomerID>TRAIH</CustomerID>
    <OrderDate>2001-06-19</OrderDate>
    <ShipName>Trail's Head Gourmet Provisioners</ShipName>
    <ShipAddress>722 DaVinci Blvd.</ShipAddress>
    <ShipCity>Kirkland</ShipCity>
    <ShipRegion>WA</ShipRegion>
    <ShipPostalCode>98034</ShipPostalCode>
  </Orders>
  <Orders>
    <OrderID>10577</OrderID>
    <CustomerID>TRAIH</CustomerID>
    <OrderDate>2001-06-23</OrderDate>
    <ShipName>Trail's Head Gourmet Provisioners</ShipName>
    <ShipAddress>722 DaVinci Blvd.</ShipAddress>
    <ShipCity>Kirkland</ShipCity>
    <ShipRegion>WA</ShipRegion>
    <ShipPostalCode>98034</ShipPostalCode>
  </Orders>
  <Orders>
    <OrderID>10579</OrderID>
    <CustomerID>LETSS</CustomerID>
    <OrderDate>2001-06-25</OrderDate>
    <ShipName>Let's Stop N Shop</ShipName>
    <ShipAddress>87 Polk St. Suite 5</ShipAddress>
    <ShipCity>San Francisco</ShipCity>
    <ShipRegion>CA</ShipRegion>
    <ShipPostalCode>94117</ShipPostalCode>
  </Orders>
  <Orders>
    <OrderID>10589</OrderID>
    <CustomerID>GREAL</CustomerID>
    <OrderDate>2001-07-04</OrderDate>
    <ShipName>Great Lakes Food Market</ShipName>
    <ShipAddress>2732 Baker Blvd.</ShipAddress>
    <ShipCity>Eugene</ShipCity>
    <ShipRegion>OR</ShipRegion>
    <ShipPostalCode>97403</ShipPostalCode>
  </Orders>
  <Orders>
    <OrderID>10594</OrderID>
    <CustomerID>OLDWO</CustomerID>
    <OrderDate>2001-07-09</OrderDate>
    <ShipName>Old World Delicatessen</ShipName>
    <ShipAddress>2743 Bering St.</ShipAddress>
    <ShipCity>Anchorage</ShipCity>
    <ShipRegion>AK</ShipRegion>
    <ShipPostalCode>99508</ShipPostalCode>
  </Orders>
  <Orders>
    <OrderID>10596</OrderID>
    <CustomerID>WHITC</CustomerID>
    <OrderDate>2001-07-11</OrderDate>
    <ShipName>White Clover Markets</ShipName>
    <ShipAddress>1029 - 12th Ave. S.</ShipAddress>
    <ShipCity>Seattle</ShipCity>
    <ShipRegion>WA</ShipRegion>
    <ShipPostalCode>98124</ShipPostalCode>
  </Orders>
  <Orders>
    <OrderID>10598</OrderID>
    <CustomerID>RATTC</CustomerID>
    <OrderDate>2001-07-14</OrderDate>
    <ShipName>Rattlesnake Canyon Grocery</ShipName>
    <ShipAddress>2817 Milton Dr.</ShipAddress>
    <ShipCity>Albuquerque</ShipCity>
    <ShipRegion>NM</ShipRegion>
    <ShipPostalCode>87110</ShipPostalCode>
  </Orders>
  <Orders>
    <OrderID>10600</OrderID>
    <CustomerID>HUNGC</CustomerID>
    <OrderDate>2001-07-16</OrderDate>
    <ShipName>Hungry Coyote Import Store</ShipName>
    <ShipAddress>City Center Plaza 516 Main St.</ShipAddress>
    <ShipCity>Elgin</ShipCity>
    <ShipRegion>OR</ShipRegion>
    <ShipPostalCode>97827</ShipPostalCode>
  </Orders>
  <Orders>
    <OrderID>10603</OrderID>
    <CustomerID>SAVEA</CustomerID>
    <OrderDate>2001-07-18</OrderDate>
    <ShipName>Save-a-lot Markets</ShipName>
    <ShipAddress>187 Suffolk Ln.</ShipAddress>
    <ShipCity>Boise</ShipCity>
    <ShipRegion>ID</ShipRegion>
    <ShipPostalCode>83720</ShipPostalCode>
  </Orders>
  <Orders>
    <OrderID>10607</OrderID>
    <CustomerID>SAVEA</CustomerID>
    <OrderDate>2001-07-22</OrderDate>
    <ShipName>Save-a-lot Markets</ShipName>
    <ShipAddress>187 Suffolk Ln.</ShipAddress>
    <ShipCity>Boise</ShipCity>
    <ShipRegion>ID</ShipRegion>
    <ShipPostalCode>83720</ShipPostalCode>
  </Orders>
  <Orders>
    <OrderID>10612</OrderID>
    <CustomerID>SAVEA</CustomerID>
    <OrderDate>2001-07-28</OrderDate>
    <ShipName>Save-a-lot Markets</ShipName>
    <ShipAddress>187 Suffolk Ln.</ShipAddress>
    <ShipCity>Boise</ShipCity>
    <ShipRegion>ID</ShipRegion>
    <ShipPostalCode>83720</ShipPostalCode>
  </Orders>
  <Orders>
    <OrderID>10616</OrderID>
    <CustomerID>GREAL</CustomerID>
    <OrderDate>2001-07-31</OrderDate>
    <ShipName>Great Lakes Food Market</ShipName>
    <ShipAddress>2732 Baker Blvd.</ShipAddress>
    <ShipCity>Eugene</ShipCity>
    <ShipRegion>OR</ShipRegion>
    <ShipPostalCode>97403</ShipPostalCode>
  </Orders>
  <Orders>
    <OrderID>10617</OrderID>
    <CustomerID>GREAL</CustomerID>
    <OrderDate>2001-07-31</OrderDate>
    <ShipName>Great Lakes Food Market</ShipName>
    <ShipAddress>2732 Baker Blvd.</ShipAddress>
    <ShipCity>Eugene</ShipCity>
    <ShipRegion>OR</ShipRegion>
    <ShipPostalCode>97403</ShipPostalCode>
  </Orders>
  <Orders>
    <OrderID>10624</OrderID>
    <CustomerID>THECR</CustomerID>
    <OrderDate>2001-08-07</OrderDate>
    <ShipName>The Cracker Box</ShipName>
    <ShipAddress>55 Grizzly Peak Rd.</ShipAddress>
    <ShipCity>Butte</ShipCity>
    <ShipRegion>MT</ShipRegion>
    <ShipPostalCode>59801</ShipPostalCode>
  </Orders>
  <Orders>
    <OrderID>10627</OrderID>
    <CustomerID>SAVEA</CustomerID>
    <OrderDate>2001-08-11</OrderDate>
    <ShipName>Save-a-lot Markets</ShipName>
    <ShipAddress>187 Suffolk Ln.</ShipAddress>
    <ShipCity>Boise</ShipCity>
    <ShipRegion>ID</ShipRegion>
    <ShipPostalCode>83720</ShipPostalCode>
  </Orders>
  <Orders>
    <OrderID>10656</OrderID>
    <CustomerID>GREAL</CustomerID>
    <OrderDate>2001-09-04</OrderDate>
    <ShipName>Great Lakes Food Market</ShipName>
    <ShipAddress>2732 Baker Blvd.</ShipAddress>
    <ShipCity>Eugene</ShipCity>
    <ShipRegion>OR</ShipRegion>
    <ShipPostalCode>97403</ShipPostalCode>
  </Orders>
  <Orders>
    <OrderID>10657</OrderID>
    <CustomerID>SAVEA</CustomerID>
    <OrderDate>2001-09-04</OrderDate>
    <ShipName>Save-a-lot Markets</ShipName>
    <ShipAddress>187 Suffolk Ln.</ShipAddress>
    <ShipCity>Boise</ShipCity>
    <ShipRegion>ID</ShipRegion>
    <ShipPostalCode>83720</ShipPostalCode>
  </Orders>
  <Orders>
    <OrderID>10660</OrderID>
    <CustomerID>HUNGC</CustomerID>
    <OrderDate>2001-09-08</OrderDate>
    <ShipName>Hungry Coyote Import Store</ShipName>
    <ShipAddress>City Center Plaza 516 Main St.</ShipAddress>
    <ShipCity>Elgin</ShipCity>
    <ShipRegion>OR</ShipRegion>
    <ShipPostalCode>97827</ShipPostalCode>
  </Orders>
  <Orders>
    <OrderID>10662</OrderID>
    <CustomerID>LONEP</CustomerID>
    <OrderDate>2001-09-09</OrderDate>
    <ShipName>Lonesome Pine Restaurant</ShipName>
    <ShipAddress>89 Chiaroscuro Rd.</ShipAddress>
    <ShipCity>Portland</ShipCity>
    <ShipRegion>OR</ShipRegion>
    <ShipPostalCode>97219</ShipPostalCode>
  </Orders>
  <Orders>
    <OrderID>10665</OrderID>
    <CustomerID>LONEP</CustomerID>
    <OrderDate>2001-09-11</OrderDate>
    <ShipName>Lonesome Pine Restaurant</ShipName>
    <ShipAddress>89 Chiaroscuro Rd.</ShipAddress>
    <ShipCity>Portland</ShipCity>
    <ShipRegion>OR</ShipRegion>
    <ShipPostalCode>97219</ShipPostalCode>
  </Orders>
  <Orders>
    <OrderID>10678</OrderID>
    <CustomerID>SAVEA</CustomerID>
    <OrderDate>2001-09-23</OrderDate>
    <ShipName>Save-a-lot Markets</ShipName>
    <ShipAddress>187 Suffolk Ln.</ShipAddress>
    <ShipCity>Boise</ShipCity>
    <ShipRegion>ID</ShipRegion>
    <ShipPostalCode>83720</ShipPostalCode>
  </Orders>
  <Orders>
    <OrderID>10680</OrderID>
    <CustomerID>OLDWO</CustomerID>
    <OrderDate>2001-09-24</OrderDate>
    <ShipName>Old World Delicatessen</ShipName>
    <ShipAddress>2743 Bering St.</ShipAddress>
    <ShipCity>Anchorage</ShipCity>
    <ShipRegion>AK</ShipRegion>
    <ShipPostalCode>99508</ShipPostalCode>
  </Orders>
  <Orders>
    <OrderID>10681</OrderID>
    <CustomerID>GREAL</CustomerID>
    <OrderDate>2001-09-25</OrderDate>
    <ShipName>Great Lakes Food Market</ShipName>
    <ShipAddress>2732 Baker Blvd.</ShipAddress>
    <ShipCity>Eugene</ShipCity>
    <ShipRegion>OR</ShipRegion>
    <ShipPostalCode>97403</ShipPostalCode>
  </Orders>
  <Orders>
    <OrderID>10693</OrderID>
    <CustomerID>WHITC</CustomerID>
    <OrderDate>2001-10-06</OrderDate>
    <ShipName>White Clover Markets</ShipName>
    <ShipAddress>1029 - 12th Ave. S.</ShipAddress>
    <ShipCity>Seattle</ShipCity>
    <ShipRegion>WA</ShipRegion>
    <ShipPostalCode>98124</ShipPostalCode>
  </Orders>
  <Orders>
    <OrderID>10696</OrderID>
    <CustomerID>WHITC</CustomerID>
    <OrderDate>2001-10-08</OrderDate>
    <ShipName>White Clover Markets</ShipName>
    <ShipAddress>1029 - 12th Ave. S.</ShipAddress>
    <ShipCity>Seattle</ShipCity>
    <ShipRegion>WA</ShipRegion>
    <ShipPostalCode>98124</ShipPostalCode>
  </Orders>
  <Orders>
    <OrderID>10700</OrderID>
    <CustomerID>SAVEA</CustomerID>
    <OrderDate>2001-10-10</OrderDate>
    <ShipName>Save-a-lot Markets</ShipName>
    <ShipAddress>187 Suffolk Ln.</ShipAddress>
    <ShipCity>Boise</ShipCity>
    <ShipRegion>ID</ShipRegion>
    <ShipPostalCode>83720</ShipPostalCode>
  </Orders>
  <Orders>
    <OrderID>10706</OrderID>
    <CustomerID>OLDWO</CustomerID>
    <OrderDate>2001-10-16</OrderDate>
    <ShipName>Old World Delicatessen</ShipName>
    <ShipAddress>2743 Bering St.</ShipAddress>
    <ShipCity>Anchorage</ShipCity>
    <ShipRegion>AK</ShipRegion>
    <ShipPostalCode>99508</ShipPostalCode>
  </Orders>
  <Orders>
    <OrderID>10708</OrderID>
    <CustomerID>THEBI</CustomerID>
    <OrderDate>2001-10-17</OrderDate>
    <ShipName>The Big Cheese</ShipName>
    <ShipAddress>89 Jefferson Way Suite 2</ShipAddress>
    <ShipCity>Portland</ShipCity>
    <ShipRegion>OR</ShipRegion>
    <ShipPostalCode>97201</ShipPostalCode>
  </Orders>
  <Orders>
    <OrderID>10711</OrderID>
    <CustomerID>SAVEA</CustomerID>
    <OrderDate>2001-10-21</OrderDate>
    <ShipName>Save-a-lot Markets</ShipName>
    <ShipAddress>187 Suffolk Ln.</ShipAddress>
    <ShipCity>Boise</ShipCity>
    <ShipRegion>ID</ShipRegion>
    <ShipPostalCode>83720</ShipPostalCode>
  </Orders>
  <Orders>
    <OrderID>10713</OrderID>
    <CustomerID>SAVEA</CustomerID>
    <OrderDate>2001-10-22</OrderDate>
    <ShipName>Save-a-lot Markets</ShipName>
    <ShipAddress>187 Suffolk Ln.</ShipAddress>
    <ShipCity>Boise</ShipCity>
    <ShipRegion>ID</ShipRegion>
    <ShipPostalCode>83720</ShipPostalCode>
  </Orders>
  <Orders>
    <OrderID>10714</OrderID>
    <CustomerID>SAVEA</CustomerID>
    <OrderDate>2001-10-22</OrderDate>
    <ShipName>Save-a-lot Markets</ShipName>
    <ShipAddress>187 Suffolk Ln.</ShipAddress>
    <ShipCity>Boise</ShipCity>
    <ShipRegion>ID</ShipRegion>
    <ShipPostalCode>83720</ShipPostalCode>
  </Orders>
  <Orders>
    <OrderID>10719</OrderID>
    <CustomerID>LETSS</CustomerID>
    <OrderDate>2001-10-27</OrderDate>
    <ShipName>Let's Stop N Shop</ShipName>
    <ShipAddress>87 Polk St. Suite 5</ShipAddress>
    <ShipCity>San Francisco</ShipCity>
    <ShipRegion>CA</ShipRegion>
    <ShipPostalCode>94117</ShipPostalCode>
  </Orders>
  <Orders>
    <OrderID>10722</OrderID>
    <CustomerID>SAVEA</CustomerID>
    <OrderDate>2001-10-29</OrderDate>
    <ShipName>Save-a-lot Markets</ShipName>
    <ShipAddress>187 Suffolk Ln.</ShipAddress>
    <ShipCity>Boise</ShipCity>
    <ShipRegion>ID</ShipRegion>
    <ShipPostalCode>83720</ShipPostalCode>
  </Orders>
  <Orders>
    <OrderID>10723</OrderID>
    <CustomerID>WHITC</CustomerID>
    <OrderDate>2001-10-30</OrderDate>
    <ShipName>White Clover Markets</ShipName>
    <ShipAddress>1029 - 12th Ave. S.</ShipAddress>
    <ShipCity>Seattle</ShipCity>
    <ShipRegion>WA</ShipRegion>
    <ShipPostalCode>98124</ShipPostalCode>
  </Orders>
  <Orders>
    <OrderID>10735</OrderID>
    <CustomerID>LETSS</CustomerID>
    <OrderDate>2001-11-10</OrderDate>
    <ShipName>Let's Stop N Shop</ShipName>
    <ShipAddress>87 Polk St. Suite 5</ShipAddress>
    <ShipCity>San Francisco</ShipCity>
    <ShipRegion>CA</ShipRegion>
    <ShipPostalCode>94117</ShipPostalCode>
  </Orders>
  <Orders>
    <OrderID>10740</OrderID>
    <CustomerID>WHITC</CustomerID>
    <OrderDate>2001-11-13</OrderDate>
    <ShipName>White Clover Markets</ShipName>
    <ShipAddress>1029 - 12th Ave. S.</ShipAddress>
    <ShipCity>Seattle</ShipCity>
    <ShipRegion>WA</ShipRegion>
    <ShipPostalCode>98124</ShipPostalCode>
  </Orders>
  <Orders>
    <OrderID>10748</OrderID>
    <CustomerID>SAVEA</CustomerID>
    <OrderDate>2001-11-20</OrderDate>
    <ShipName>Save-a-lot Markets</ShipName>
    <ShipAddress>187 Suffolk Ln.</ShipAddress>
    <ShipCity>Boise</ShipCity>
    <ShipRegion>ID</ShipRegion>
    <ShipPostalCode>83720</ShipPostalCode>
  </Orders>
  <Orders>
    <OrderID>10756</OrderID>
    <CustomerID>SPLIR</CustomerID>
    <OrderDate>2001-11-27</OrderDate>
    <ShipName>Split Rail Beer &amp; Ale</ShipName>
    <ShipAddress>P.O. Box 555</ShipAddress>
    <ShipCity>Lander</ShipCity>
    <ShipRegion>WY</ShipRegion>
    <ShipPostalCode>82520</ShipPostalCode>
  </Orders>
  <Orders>
    <OrderID>10757</OrderID>
    <CustomerID>SAVEA</CustomerID>
    <OrderDate>2001-11-27</OrderDate>
    <ShipName>Save-a-lot Markets</ShipName>
    <ShipAddress>187 Suffolk Ln.</ShipAddress>
    <ShipCity>Boise</ShipCity>
    <ShipRegion>ID</ShipRegion>
    <ShipPostalCode>83720</ShipPostalCode>
  </Orders>
  <Orders>
    <OrderID>10761</OrderID>
    <CustomerID>RATTC</CustomerID>
    <OrderDate>2001-12-02</OrderDate>
    <ShipName>Rattlesnake Canyon Grocery</ShipName>
    <ShipAddress>2817 Milton Dr.</ShipAddress>
    <ShipCity>Albuquerque</ShipCity>
    <ShipRegion>NM</ShipRegion>
    <ShipPostalCode>87110</ShipPostalCode>
  </Orders>
  <Orders>
    <OrderID>10775</OrderID>
    <CustomerID>THECR</CustomerID>
    <OrderDate>2001-12-12</OrderDate>
    <ShipName>The Cracker Box</ShipName>
    <ShipAddress>55 Grizzly Peak Rd.</ShipAddress>
    <ShipCity>Butte</ShipCity>
    <ShipRegion>MT</ShipRegion>
    <ShipPostalCode>59801</ShipPostalCode>
  </Orders>
  <Orders>
    <OrderID>10805</OrderID>
    <CustomerID>THEBI</CustomerID>
    <OrderDate>2001-12-30</OrderDate>
    <ShipName>The Big Cheese</ShipName>
    <ShipAddress>89 Jefferson Way Suite 2</ShipAddress>
    <ShipCity>Portland</ShipCity>
    <ShipRegion>OR</ShipRegion>
    <ShipPostalCode>97201</ShipPostalCode>
  </Orders>
  <Orders>
    <OrderID>10808</OrderID>
    <CustomerID>OLDWO</CustomerID>
    <OrderDate>2002-01-01</OrderDate>
    <ShipName>Old World Delicatessen</ShipName>
    <ShipAddress>2743 Bering St.</ShipAddress>
    <ShipCity>Anchorage</ShipCity>
    <ShipRegion>AK</ShipRegion>
    <ShipPostalCode>99508</ShipPostalCode>
  </Orders>
  <Orders>
    <OrderID>10815</OrderID>
    <CustomerID>SAVEA</CustomerID>
    <OrderDate>2002-01-05</OrderDate>
    <ShipName>Save-a-lot Markets</ShipName>
    <ShipAddress>187 Suffolk Ln.</ShipAddress>
    <ShipCity>Boise</ShipCity>
    <ShipRegion>ID</ShipRegion>
    <ShipPostalCode>83720</ShipPostalCode>
  </Orders>
  <Orders>
    <OrderID>10816</OrderID>
    <CustomerID>GREAL</CustomerID>
    <OrderDate>2002-01-06</OrderDate>
    <ShipName>Great Lakes Food Market</ShipName>
    <ShipAddress>2732 Baker Blvd.</ShipAddress>
    <ShipCity>Eugene</ShipCity>
    <ShipRegion>OR</ShipRegion>
    <ShipPostalCode>97403</ShipPostalCode>
  </Orders>
  <Orders>
    <OrderID>10820</OrderID>
    <CustomerID>RATTC</CustomerID>
    <OrderDate>2002-01-07</OrderDate>
    <ShipName>Rattlesnake Canyon Grocery</ShipName>
    <ShipAddress>2817 Milton Dr.</ShipAddress>
    <ShipCity>Albuquerque</ShipCity>
    <ShipRegion>NM</ShipRegion>
    <ShipPostalCode>87110</ShipPostalCode>
  </Orders>
  <Orders>
    <OrderID>10821</OrderID>
    <CustomerID>SPLIR</CustomerID>
    <OrderDate>2002-01-08</OrderDate>
    <ShipName>Split Rail Beer &amp; Ale</ShipName>
    <ShipAddress>P.O. Box 555</ShipAddress>
    <ShipCity>Lander</ShipCity>
    <ShipRegion>WY</ShipRegion>
    <ShipPostalCode>82520</ShipPostalCode>
  </Orders>
  <Orders>
    <OrderID>10822</OrderID>
    <CustomerID>TRAIH</CustomerID>
    <OrderDate>2002-01-08</OrderDate>
    <ShipName>Trail's Head Gourmet Provisioners</ShipName>
    <ShipAddress>722 DaVinci Blvd.</ShipAddress>
    <ShipCity>Kirkland</ShipCity>
    <ShipRegion>WA</ShipRegion>
    <ShipPostalCode>98034</ShipPostalCode>
  </Orders>
  <Orders>
    <OrderID>10847</OrderID>
    <CustomerID>SAVEA</CustomerID>
    <OrderDate>2002-01-22</OrderDate>
    <ShipName>Save-a-lot Markets</ShipName>
    <ShipAddress>187 Suffolk Ln.</ShipAddress>
    <ShipCity>Boise</ShipCity>
    <ShipRegion>ID</ShipRegion>
    <ShipPostalCode>83720</ShipPostalCode>
  </Orders>
  <Orders>
    <OrderID>10852</OrderID>
    <CustomerID>RATTC</CustomerID>
    <OrderDate>2002-01-26</OrderDate>
    <ShipName>Rattlesnake Canyon Grocery</ShipName>
    <ShipAddress>2817 Milton Dr.</ShipAddress>
    <ShipCity>Albuquerque</ShipCity>
    <ShipRegion>NM</ShipRegion>
    <ShipPostalCode>87110</ShipPostalCode>
  </Orders>
  <Orders>
    <OrderID>10855</OrderID>
    <CustomerID>OLDWO</CustomerID>
    <OrderDate>2002-01-27</OrderDate>
    <ShipName>Old World Delicatessen</ShipName>
    <ShipAddress>2743 Bering St.</ShipAddress>
    <ShipCity>Anchorage</ShipCity>
    <ShipRegion>AK</ShipRegion>
    <ShipPostalCode>99508</ShipPostalCode>
  </Orders>
  <Orders>
    <OrderID>10861</OrderID>
    <CustomerID>WHITC</CustomerID>
    <OrderDate>2002-01-30</OrderDate>
    <ShipName>White Clover Markets</ShipName>
    <ShipAddress>1029 - 12th Ave. S.</ShipAddress>
    <ShipCity>Seattle</ShipCity>
    <ShipRegion>WA</ShipRegion>
    <ShipPostalCode>98124</ShipPostalCode>
  </Orders>
  <Orders>
    <OrderID>10867</OrderID>
    <CustomerID>LONEP</CustomerID>
    <OrderDate>2002-02-03</OrderDate>
    <ShipName>Lonesome Pine Restaurant</ShipName>
    <ShipAddress>89 Chiaroscuro Rd.</ShipAddress>
    <ShipCity>Portland</ShipCity>
    <ShipRegion>OR</ShipRegion>
    <ShipPostalCode>97219</ShipPostalCode>
  </Orders>
  <Orders>
    <OrderID>10882</OrderID>
    <CustomerID>SAVEA</CustomerID>
    <OrderDate>2002-02-11</OrderDate>
    <ShipName>Save-a-lot Markets</ShipName>
    <ShipAddress>187 Suffolk Ln.</ShipAddress>
    <ShipCity>Boise</ShipCity>
    <ShipRegion>ID</ShipRegion>
    <ShipPostalCode>83720</ShipPostalCode>
  </Orders>
  <Orders>
    <OrderID>10883</OrderID>
    <CustomerID>LONEP</CustomerID>
    <OrderDate>2002-02-12</OrderDate>
    <ShipName>Lonesome Pine Restaurant</ShipName>
    <ShipAddress>89 Chiaroscuro Rd.</ShipAddress>
    <ShipCity>Portland</ShipCity>
    <ShipRegion>OR</ShipRegion>
    <ShipPostalCode>97219</ShipPostalCode>
  </Orders>
  <Orders>
    <OrderID>10884</OrderID>
    <CustomerID>LETSS</CustomerID>
    <OrderDate>2002-02-12</OrderDate>
    <ShipName>Let's Stop N Shop</ShipName>
    <ShipAddress>87 Polk St. Suite 5</ShipAddress>
    <ShipCity>San Francisco</ShipCity>
    <ShipRegion>CA</ShipRegion>
    <ShipPostalCode>94117</ShipPostalCode>
  </Orders>
  <Orders>
    <OrderID>10889</OrderID>
    <CustomerID>RATTC</CustomerID>
    <OrderDate>2002-02-16</OrderDate>
    <ShipName>Rattlesnake Canyon Grocery</ShipName>
    <ShipAddress>2817 Milton Dr.</ShipAddress>
    <ShipCity>Albuquerque</ShipCity>
    <ShipRegion>NM</ShipRegion>
    <ShipPostalCode>87110</ShipPostalCode>
  </Orders>
  <Orders>
    <OrderID>10894</OrderID>
    <CustomerID>SAVEA</CustomerID>
    <OrderDate>2002-02-18</OrderDate>
    <ShipName>Save-a-lot Markets</ShipName>
    <ShipAddress>187 Suffolk Ln.</ShipAddress>
    <ShipCity>Boise</ShipCity>
    <ShipRegion>ID</ShipRegion>
    <ShipPostalCode>83720</ShipPostalCode>
  </Orders>
  <Orders>
    <OrderID>10904</OrderID>
    <CustomerID>WHITC</CustomerID>
    <OrderDate>2002-02-24</OrderDate>
    <ShipName>White Clover Markets</ShipName>
    <ShipAddress>1029 - 12th Ave. S.</ShipAddress>
    <ShipCity>Seattle</ShipCity>
    <ShipRegion>WA</ShipRegion>
    <ShipPostalCode>98124</ShipPostalCode>
  </Orders>
  <Orders>
    <OrderID>10936</OrderID>
    <CustomerID>GREAL</CustomerID>
    <OrderDate>2002-03-09</OrderDate>
    <ShipName>Great Lakes Food Market</ShipName>
    <ShipAddress>2732 Baker Blvd.</ShipAddress>
    <ShipCity>Eugene</ShipCity>
    <ShipRegion>OR</ShipRegion>
    <ShipPostalCode>97403</ShipPostalCode>
  </Orders>
  <Orders>
    <OrderID>10941</OrderID>
    <CustomerID>SAVEA</CustomerID>
    <OrderDate>2002-03-11</OrderDate>
    <ShipName>Save-a-lot Markets</ShipName>
    <ShipAddress>187 Suffolk Ln.</ShipAddress>
    <ShipCity>Boise</ShipCity>
    <ShipRegion>ID</ShipRegion>
    <ShipPostalCode>83720</ShipPostalCode>
  </Orders>
  <Orders>
    <OrderID>10965</OrderID>
    <CustomerID>OLDWO</CustomerID>
    <OrderDate>2002-03-20</OrderDate>
    <ShipName>Old World Delicatessen</ShipName>
    <ShipAddress>2743 Bering St.</ShipAddress>
    <ShipCity>Anchorage</ShipCity>
    <ShipRegion>AK</ShipRegion>
    <ShipPostalCode>99508</ShipPostalCode>
  </Orders>
  <Orders>
    <OrderID>10974</OrderID>
    <CustomerID>SPLIR</CustomerID>
    <OrderDate>2002-03-25</OrderDate>
    <ShipName>Split Rail Beer &amp; Ale</ShipName>
    <ShipAddress>P.O. Box 555</ShipAddress>
    <ShipCity>Lander</ShipCity>
    <ShipRegion>WY</ShipRegion>
    <ShipPostalCode>82520</ShipPostalCode>
  </Orders>
  <Orders>
    <OrderID>10983</OrderID>
    <CustomerID>SAVEA</CustomerID>
    <OrderDate>2002-03-27</OrderDate>
    <ShipName>Save-a-lot Markets</ShipName>
    <ShipAddress>187 Suffolk Ln.</ShipAddress>
    <ShipCity>Boise</ShipCity>
    <ShipRegion>ID</ShipRegion>
    <ShipPostalCode>83720</ShipPostalCode>
  </Orders>
  <Orders>
    <OrderID>10984</OrderID>
    <CustomerID>SAVEA</CustomerID>
    <OrderDate>2002-03-30</OrderDate>
    <ShipName>Save-a-lot Markets</ShipName>
    <ShipAddress>187 Suffolk Ln.</ShipAddress>
    <ShipCity>Boise</ShipCity>
    <ShipRegion>ID</ShipRegion>
    <ShipPostalCode>83720</ShipPostalCode>
  </Orders>
  <Orders>
    <OrderID>10988</OrderID>
    <CustomerID>RATTC</CustomerID>
    <OrderDate>2002-03-31</OrderDate>
    <ShipName>Rattlesnake Canyon Grocery</ShipName>
    <ShipAddress>2817 Milton Dr.</ShipAddress>
    <ShipCity>Albuquerque</ShipCity>
    <ShipRegion>NM</ShipRegion>
    <ShipPostalCode>87110</ShipPostalCode>
  </Orders>
  <Orders>
    <OrderID>10992</OrderID>
    <CustomerID>THEBI</CustomerID>
    <OrderDate>2002-04-01</OrderDate>
    <ShipName>The Big Cheese</ShipName>
    <ShipAddress>89 Jefferson Way Suite 2</ShipAddress>
    <ShipCity>Portland</ShipCity>
    <ShipRegion>OR</ShipRegion>
    <ShipPostalCode>97201</ShipPostalCode>
  </Orders>
  <Orders>
    <OrderID>11000</OrderID>
    <CustomerID>RATTC</CustomerID>
    <OrderDate>2002-04-06</OrderDate>
    <ShipName>Rattlesnake Canyon Grocery</ShipName>
    <ShipAddress>2817 Milton Dr.</ShipAddress>
    <ShipCity>Albuquerque</ShipCity>
    <ShipRegion>NM</ShipRegion>
    <ShipPostalCode>87110</ShipPostalCode>
  </Orders>
  <Orders>
    <OrderID>11002</OrderID>
    <CustomerID>SAVEA</CustomerID>
    <OrderDate>2002-04-06</OrderDate>
    <ShipName>Save-a-lot Markets</ShipName>
    <ShipAddress>187 Suffolk Ln.</ShipAddress>
    <ShipCity>Boise</ShipCity>
    <ShipRegion>ID</ShipRegion>
    <ShipPostalCode>83720</ShipPostalCode>
  </Orders>
  <Orders>
    <OrderID>11003</OrderID>
    <CustomerID>THECR</CustomerID>
    <OrderDate>2002-04-06</OrderDate>
    <ShipName>The Cracker Box</ShipName>
    <ShipAddress>55 Grizzly Peak Rd.</ShipAddress>
    <ShipCity>Butte</ShipCity>
    <ShipRegion>MT</ShipRegion>
    <ShipPostalCode>59801</ShipPostalCode>
  </Orders>
  <Orders>
    <OrderID>11006</OrderID>
    <CustomerID>GREAL</CustomerID>
    <OrderDate>2002-04-07</OrderDate>
    <ShipName>Great Lakes Food Market</ShipName>
    <ShipAddress>2732 Baker Blvd.</ShipAddress>
    <ShipCity>Eugene</ShipCity>
    <ShipRegion>OR</ShipRegion>
    <ShipPostalCode>97403</ShipPostalCode>
  </Orders>
  <Orders>
    <OrderID>11018</OrderID>
    <CustomerID>LONEP</CustomerID>
    <OrderDate>2002-04-13</OrderDate>
    <ShipName>Lonesome Pine Restaurant</ShipName>
    <ShipAddress>89 Chiaroscuro Rd.</ShipAddress>
    <ShipCity>Portland</ShipCity>
    <ShipRegion>OR</ShipRegion>
    <ShipPostalCode>97219</ShipPostalCode>
  </Orders>
  <Orders>
    <OrderID>11030</OrderID>
    <CustomerID>SAVEA</CustomerID>
    <OrderDate>2002-04-17</OrderDate>
    <ShipName>Save-a-lot Markets</ShipName>
    <ShipAddress>187 Suffolk Ln.</ShipAddress>
    <ShipCity>Boise</ShipCity>
    <ShipRegion>ID</ShipRegion>
    <ShipPostalCode>83720</ShipPostalCode>
  </Orders>
  <Orders>
    <OrderID>11031</OrderID>
    <CustomerID>SAVEA</CustomerID>
    <OrderDate>2002-04-17</OrderDate>
    <ShipName>Save-a-lot Markets</ShipName>
    <ShipAddress>187 Suffolk Ln.</ShipAddress>
    <ShipCity>Boise</ShipCity>
    <ShipRegion>ID</ShipRegion>
    <ShipPostalCode>83720</ShipPostalCode>
  </Orders>
  <Orders>
    <OrderID>11032</OrderID>
    <CustomerID>WHITC</CustomerID>
    <OrderDate>2002-04-17</OrderDate>
    <ShipName>White Clover Markets</ShipName>
    <ShipAddress>1029 - 12th Ave. S.</ShipAddress>
    <ShipCity>Seattle</ShipCity>
    <ShipRegion>WA</ShipRegion>
    <ShipPostalCode>98124</ShipPostalCode>
  </Orders>
  <Orders>
    <OrderID>11034</OrderID>
    <CustomerID>OLDWO</CustomerID>
    <OrderDate>2002-04-20</OrderDate>
    <ShipName>Old World Delicatessen</ShipName>
    <ShipAddress>2743 Bering St.</ShipAddress>
    <ShipCity>Anchorage</ShipCity>
    <ShipRegion>AK</ShipRegion>
    <ShipPostalCode>99508</ShipPostalCode>
  </Orders>
  <Orders>
    <OrderID>11040</OrderID>
    <CustomerID>GREAL</CustomerID>
    <OrderDate>2002-04-22</OrderDate>
    <ShipName>Great Lakes Food Market</ShipName>
    <ShipAddress>2732 Baker Blvd.</ShipAddress>
    <ShipCity>Eugene</ShipCity>
    <ShipRegion>OR</ShipRegion>
    <ShipPostalCode>97403</ShipPostalCode>
  </Orders>
  <Orders>
    <OrderID>11061</OrderID>
    <CustomerID>GREAL</CustomerID>
    <OrderDate>2002-04-30</OrderDate>
    <ShipName>Great Lakes Food Market</ShipName>
    <ShipAddress>2732 Baker Blvd.</ShipAddress>
    <ShipCity>Eugene</ShipCity>
    <ShipRegion>OR</ShipRegion>
    <ShipPostalCode>97403</ShipPostalCode>
  </Orders>
  <Orders>
    <OrderID>11064</OrderID>
    <CustomerID>SAVEA</CustomerID>
    <OrderDate>2002-05-01</OrderDate>
    <ShipName>Save-a-lot Markets</ShipName>
    <ShipAddress>187 Suffolk Ln.</ShipAddress>
    <ShipCity>Boise</ShipCity>
    <ShipRegion>ID</ShipRegion>
    <ShipPostalCode>83720</ShipPostalCode>
  </Orders>
  <Orders>
    <OrderID>11066</OrderID>
    <CustomerID>WHITC</CustomerID>
    <OrderDate>2002-05-01</OrderDate>
    <ShipName>White Clover Markets</ShipName>
    <ShipAddress>1029 - 12th Ave. S.</ShipAddress>
    <ShipCity>Seattle</ShipCity>
    <ShipRegion>WA</ShipRegion>
    <ShipPostalCode>98124</ShipPostalCode>
  </Orders>
  <Orders>
    <OrderID>11077</OrderID>
    <CustomerID>RATTC</CustomerID>
    <OrderDate>2002-05-06</OrderDate>
    <ShipName>Rattlesnake Canyon Grocery</ShipName>
    <ShipAddress>2817 Milton Dr.</ShipAddress>
    <ShipCity>Albuquerque</ShipCity>
    <ShipRegion>NM</ShipRegion>
    <ShipPostalCode>87110</ShipPostalCode>
  </Orders>
</dsCustOrder>